_id,wifi1,wifi2,wifi3,wifi4,wifi5,wifi6,wifi7,wifi8,wifi9,wifi10,wifi11,wifi12,wifi13,result
5aeaf8c05eb7c1000af397e2,59,,50,,,96,85,,99,81,,92,81,area
5aeaf8c05eb7c1000af397e3,59,74,50,52,,99,99,99,99,81,81,77,99,area
5aeaf8c05eb7c1000af397e4,52,74,50,41,,88,88,68,99,81,66,72,99,area
5aeaf8c05eb7c1000af397e5,41,74,50,59,,94,90,83,99,81,79,70,99,area
5aeaf8c05eb7c1000af397e6,55,61,50,59,,85,74,77,99,81,74,74,99,area
5aeaf8c05eb7c1000af397e7,55,61,,50,,99,94,92,99,,61,74,99,area
5aeaf8c05eb7c1000af397e8,55,61,,50,,83,83,72,99,66,61,66,99,area
5aeaf8c05eb7c1000af397e9,55,61,,50,,72,92,81,99,61,72,66,99,area
5aeaf8c05eb7c1000af397ea,55,61,46,50,,72,88,83,99,63,66,66,99,area
5aeaf8c05eb7c1000af397eb,,,46,50,,96,83,92,99,63,79,79,99,area
5aeaf8c05eb7c1000af397ec,48,59,46,,,90,74,77,99,63,70,81,99,area
5aeaf8c05eb7c1000af397ed,,57,,52,,83,99,94,99,77,96,70,99,area
5aeaf8c05eb7c1000af397ee,,70,57,52,,83,99,99,99,77,88,70,99,area
5aeaf8c05eb7c1000af397ef,52,72,57,59,,81,99,88,99,77,83,72,94,area
5aeaf8c05eb7c1000af397f0,52,72,57,59,,99,90,88,99,77,83,72,99,area
5aeaf8c05eb7c1000af397f1,52,72,48,59,,92,99,88,99,,83,72,99,area
5aeaf8c05eb7c1000af397f2,48,72,52,59,,99,94,77,99,,68,83,99,area
5aeaf8c05eb7c1000af397f3,48,66,52,,,99,99,99,99,,74,79,99,area
5aeaf8c05eb7c1000af397f4,52,68,48,48,,99,92,92,99,,63,68,90,area
5aeaf8c05eb7c1000af397f5,52,68,48,48,,81,74,83,99,72,63,68,99,area
5aeaf8c05eb7c1000af397f6,52,55,48,48,,81,99,77,99,72,77,90,99,area
5aeaf8c05eb7c1000af397f7,52,55,48,48,,90,99,72,99,72,74,74,99,area
5aeaf8c05eb7c1000af397f8,,55,,,,94,83,90,99,72,74,88,99,area
5aeaf8c05eb7c1000af397f9,57,68,,48,,81,96,99,99,,72,90,99,area
5aeaf8c05eb7c1000af397fa,57,63,,57,,99,92,79,99,79,70,61,99,area
5aeaf8c05eb7c1000af397fb,57,63,,57,,96,83,77,99,79,70,63,99,area
5aeaf8c05eb7c1000af397fc,57,63,,57,,79,85,81,99,79,74,79,99,area
5aeaf8c05eb7c1000af397fd,,63,,41,,96,92,90,99,79,77,79,99,area
5aeaf8c05eb7c1000af397fe,,63,,41,,99,88,79,99,79,77,63,99,area
5aeaf8c05eb7c1000af397ff,,63,,41,,99,99,96,99,,92,85,92,area
5aeaf8c05eb7c1000af39800,,66,,48,,99,99,85,99,,68,72,79,area
5aeaf8c05eb7c1000af39801,68,79,48,68,,88,94,96,99,79,94,88,94,area
5aeaf8c05eb7c1000af39802,57,79,48,52,,99,99,90,99,72,94,88,99,area
5aeaf8c05eb7c1000af39803,57,61,48,52,,99,99,77,99,72,92,88,83,area
5aeaf8c05eb7c1000af39804,57,68,48,52,,94,74,83,99,72,70,74,90,area
5aeaf8c05eb7c1000af39805,57,68,48,52,,99,99,83,99,72,74,66,90,area
5aeaf8c05eb7c1000af39806,57,68,48,52,,96,99,99,99,72,72,66,92,area
5aeaf8c05eb7c1000af39807,,74,48,,,99,99,96,99,,72,85,96,area
5aeaf8c05eb7c1000af39808,,90,48,79,,99,99,99,99,,72,81,92,area
5aeaf8c05eb7c1000af39809,70,96,,77,,99,92,96,99,,83,77,88,area
5aeaf8c05eb7c1000af3980a,70,83,,57,,99,99,99,99,,88,77,90,area
5aeaf8c05eb7c1000af3980b,59,83,,57,,99,92,94,99,,96,85,88,area
5aeaf8c05eb7c1000af3980c,59,72,,57,,99,99,99,96,,83,99,92,area
5aeaf8c05eb7c1000af3980d,59,72,48,57,,99,99,99,99,,81,99,96,area
5aeaf8c05eb7c1000af3980e,68,72,48,55,,90,99,94,99,,79,99,99,area
5aeafda45eb7c1000af39951,30,,99,24,46,22,28,35,22,61,72,,,area
5aeafda45eb7c1000af39952,37,,94,24,46,28,39,37,22,50,70,,,area
5aeafda45eb7c1000af39953,37,,92,24,39,28,33,30,22,50,55,,,area
5aeafda45eb7c1000af39954,37,,88,24,19,28,33,30,22,50,59,,,area
5aeafda45eb7c1000af39955,37,,92,,59,17,24,24,,44,57,,,area
5aeafda45eb7c1000af39956,48,,79,,59,30,22,24,,44,55,,,area
5aeafda45eb7c1000af39957,41,,96,,61,30,22,30,,44,59,,,area
5aeafda45eb7c1000af39958,24,,77,,17,26,22,24,22,55,70,,,area
5aeafda45eb7c1000af39959,39,,17,,37,26,22,17,22,55,59,,,area
5aeafda45eb7c1000af3995a,37,,94,,59,26,22,17,22,55,48,,,area
5aeafda45eb7c1000af3995b,37,,99,,70,17,22,19,22,55,33,,,area
5aeafda45eb7c1000af3995c,37,,92,,48,17,22,15,,,44,,,area
5aeafda45eb7c1000af3995d,30,,99,,17,15,22,15,,,24,,,area
5aeafda45eb7c1000af3995e,30,,94,17,46,15,22,15,,,48,,,area
5aeafda45eb7c1000af3995f,17,,99,17,52,15,22,15,,,37,,,area
5aeafda45eb7c1000af39960,26,,99,17,46,15,,,,24,37,,,area
5aeafda45eb7c1000af39961,28,,92,17,39,,,,,24,28,,,area
5aeafda45eb7c1000af39962,30,,99,,39,,,,,24,28,,,area
5aeafda45eb7c1000af39963,30,,99,,39,,,,,24,44,,,area
5aeafda45eb7c1000af39964,30,,96,,35,,,,,,28,,,area
5aeafda45eb7c1000af39965,30,,92,,48,,,,,,37,,,area
5aeafda45eb7c1000af39966,39,,88,,41,19,,,19,,24,,,area
5aeafda45eb7c1000af39967,28,,77,,41,19,,,19,,28,,,area
5aeafda45eb7c1000af39968,30,,83,,41,19,,,19,,37,,,area
5aeafda45eb7c1000af39969,30,,92,,37,19,,,19,,28,,,area
5aeafda45eb7c1000af3996a,30,,85,,37,,,,,,35,,,area
5aeafda45eb7c1000af3996b,30,,81,,33,,19,,,,22,,,area
5aeafda45eb7c1000af3996c,30,,81,,33,,17,,,,22,,,area
5aeafda45eb7c1000af3996d,30,19,92,,59,,24,,,,28,,,area
5aeafda45eb7c1000af3996e,37,19,92,,61,22,,17,,,33,,,area
5aeafda45eb7c1000af3996f,37,19,90,,66,22,19,17,,,39,,,area
5aeafda45eb7c1000af39970,46,19,83,,57,19,19,17,,39,63,,,area
5aeafda45eb7c1000af39971,46,19,83,24,57,28,17,17,,39,57,,,area
5aeafda45eb7c1000af39972,41,,83,19,72,22,17,,,39,52,,,area
5aeafda45eb7c1000af39973,46,,92,19,55,22,19,,,39,59,,,area
5aeafda45eb7c1000af39974,52,,90,19,57,22,19,,,,44,,,area
5aeafda45eb7c1000af39975,52,,81,19,48,22,19,,,,41,,,area
5aeafda45eb7c1000af39976,52,,79,,68,22,19,,,33,41,,,area
5aeafda45eb7c1000af39977,37,,92,26,61,26,,,,33,26,,,area
5aeafda45eb7c1000af39978,37,,68,26,55,22,35,,,33,30,,,area
5aeafda45eb7c1000af39979,63,24,74,35,55,17,35,,,33,30,,,area
5aeafda45eb7c1000af3997a,48,24,83,28,63,26,17,,,,33,,,area
5aeafda45eb7c1000af3997b,41,24,85,28,41,24,17,,17,,35,,,area
5aeafda45eb7c1000af3997c,57,24,70,28,61,28,24,,17,26,28,,,area
5aeafda45eb7c1000af3997d,61,,72,28,48,33,24,,17,26,26,,,area
5aeafda45eb7c1000af3997e,46,28,68,,72,28,24,,17,26,26,,,area
5aeafda45eb7c1000af3997f,46,28,66,,70,28,24,,,26,17,,,area
5aeafda45eb7c1000af39980,61,28,61,22,68,26,,,,24,17,,,area
5aeafda45eb7c1000af39981,61,37,68,22,63,26,,,,24,19,,,area
5aeafda45eb7c1000af39982,61,37,59,22,63,22,26,,22,24,19,,,area
5aeafda45eb7c1000af39983,61,37,61,22,61,22,26,,22,24,19,,,area
5aeafda45eb7c1000af39984,59,37,63,,30,22,26,,35,,19,,,area
5aeafda45eb7c1000af39985,57,,74,37,61,37,28,,35,,24,,,area
5aeafda45eb7c1000af39986,50,48,85,37,81,30,28,,35,,28,,,area
5aeafda45eb7c1000af39987,68,48,74,37,37,37,28,,22,,28,,,area
5aeafda45eb7c1000af39988,17,48,74,37,85,35,24,17,24,,28,,,area
5aeafda45eb7c1000af39989,46,28,77,,63,35,24,19,24,,28,,,area
5aeafda45eb7c1000af3998a,55,28,72,33,52,33,22,19,24,,,,,area
5aeafda45eb7c1000af3998b,57,24,77,33,57,39,15,19,24,28,,,,area
5aeafda45eb7c1000af3998c,59,24,70,33,63,24,15,19,,17,24,,,area
5aeafda55eb7c1000af3998d,57,24,81,24,61,22,17,19,,17,35,,,area
5aeafda55eb7c1000af3998e,52,24,85,24,61,35,17,19,,17,28,,,area
5aeafda55eb7c1000af3998f,52,24,70,24,66,55,26,19,19,17,28,,,area
5aeafda55eb7c1000af39990,44,24,74,24,46,24,19,,19,,28,,,area
5aeafda55eb7c1000af39991,50,24,88,,74,39,26,,19,,30,,,area
5aeafda55eb7c1000af39992,41,44,72,28,66,35,24,19,19,,26,,,area
5aeafda55eb7c1000af39993,55,44,70,28,55,28,15,19,17,,33,,,area
5aeafda55eb7c1000af39994,52,41,94,28,55,28,17,19,17,,30,,,area
5aeafda55eb7c1000af39995,57,37,66,28,59,24,26,19,17,,35,,,area
5aeafda55eb7c1000af39996,61,37,72,,61,26,26,19,17,,33,,,area
5aeafda55eb7c1000af39997,63,37,70,33,66,39,26,,,,33,,,area
5aeafda55eb7c1000af39998,37,37,72,33,72,39,26,,,,28,,,area
5aeafda55eb7c1000af39999,52,28,74,33,50,39,,,,,26,,,area
5aeafda55eb7c1000af3999a,30,28,68,33,55,39,,,15,,19,,,area
5aeafda55eb7c1000af3999b,50,28,68,,59,,,,17,,22,,,area
5aeafda55eb7c1000af3999c,59,35,68,,48,26,26,,17,,22,,,area
5aeafda55eb7c1000af3999d,48,35,68,,66,26,26,,17,,26,,,area
5aeafda55eb7c1000af3999e,44,30,,30,63,26,26,,17,,26,,,area
5aeafda55eb7c1000af3999f,57,30,72,30,66,33,22,,,,26,,,area
5aeafda55eb7c1000af399a0,52,30,77,30,72,33,19,,,,22,,,area
5aeafda55eb7c1000af399a1,74,30,85,28,15,33,24,,,,26,,,area
5aeafda55eb7c1000af399a2,63,,63,28,70,33,13,,,,19,,,area
5aeafda55eb7c1000af399a3,50,,81,28,77,35,19,19,,,26,,,area
5aeafda55eb7c1000af399a4,57,,83,26,83,28,19,19,24,,33,,,area
5aeafda55eb7c1000af399a5,57,,63,26,77,37,22,17,24,,26,,,area
5aeafda55eb7c1000af399a6,41,,63,26,68,37,24,17,24,,17,,,area
5aeafda55eb7c1000af399a7,61,,72,26,81,35,37,19,22,,24,,,area
5aeafda55eb7c1000af399a8,70,46,81,28,81,44,37,30,28,,33,,,area
5aeafda55eb7c1000af399a9,74,41,77,28,59,30,37,30,28,,28,,,area
5aeafda55eb7c1000af399aa,50,41,88,28,68,30,19,24,28,,28,,,area
5aeafda55eb7c1000af399ab,52,41,68,28,48,24,17,24,28,,30,,,area
5aeafda55eb7c1000af399ac,17,41,61,,63,19,17,24,,,30,,,area
5aeafda55eb7c1000af399ad,57,,74,22,59,19,17,24,,,30,,,area
5aeafda55eb7c1000af399ae,57,24,74,22,68,24,19,,,,35,,,area
5aeafda55eb7c1000af399af,46,35,74,22,55,24,19,22,,,35,,,area
5aeafda55eb7c1000af399b0,52,35,88,22,72,24,19,22,,,30,,,area
5aeafda55eb7c1000af399b1,52,22,81,22,63,24,19,22,,,35,,,area
5aeafda55eb7c1000af399b2,59,22,72,,59,24,,22,22,28,35,,,area
5aeafda55eb7c1000af399b3,55,22,72,,63,28,,,22,28,41,,,area
5aeafda55eb7c1000af399b4,55,22,79,,63,28,,,22,28,39,,,area
5aeafda55eb7c1000af399b5,59,,94,,48,22,33,19,22,28,33,,,area
5aeafda55eb7c1000af399b6,44,30,61,,59,13,22,19,22,,22,,,area
5aeafda55eb7c1000af399b7,59,30,77,,66,28,17,19,19,,28,,,area
5aeafda55eb7c1000af399b8,41,30,85,26,52,28,17,19,19,,22,,,area
5aeafda55eb7c1000af399b9,44,30,81,24,57,22,24,19,19,22,22,,,area
5aeafda55eb7c1000af399ba,44,,90,24,57,28,24,19,17,22,30,,,area
5aeafda55eb7c1000af399bb,50,,90,28,61,28,19,,17,22,39,,,area
5aeafda55eb7c1000af399bc,50,,90,28,57,28,19,,17,22,39,,,area
5aeafda55eb7c1000af399bd,57,30,59,28,66,13,24,,17,,26,,,area
5aeafda55eb7c1000af399be,41,30,74,28,61,35,24,,,,35,,,area
5aeafda55eb7c1000af399bf,41,30,81,17,59,24,17,15,,26,48,,,area
5aeafda55eb7c1000af399c0,46,30,66,17,55,17,28,15,,26,59,,,area
5aeafda55eb7c1000af399c1,41,,85,17,55,17,28,15,15,26,57,,,area
5aeafda55eb7c1000af399c2,41,,74,26,55,28,28,15,15,26,44,,,area
5aeafda55eb7c1000af399c3,41,,88,26,66,28,28,15,15,,44,,,area
5aeafda55eb7c1000af399c4,41,30,88,26,66,22,,15,15,,44,,,area
5aeafda55eb7c1000af399c5,,30,81,26,41,15,,15,,,39,,,area
5aeafda55eb7c1000af399c6,46,30,90,24,52,15,,,,22,35,,,area
5aeafda55eb7c1000af399c7,48,30,61,24,52,15,,,24,22,39,,,area
5aeafda55eb7c1000af399c8,39,,81,24,83,19,17,,24,22,24,,,area
5aeafda55eb7c1000af399c9,39,24,85,24,79,22,17,,24,22,24,,,area
5aeafda55eb7c1000af399ca,39,24,74,19,66,22,17,,24,,39,,,area
5aeafda55eb7c1000af399cb,44,24,85,19,66,22,15,,15,,22,,,area
5aeafda55eb7c1000af399cc,48,13,85,26,66,24,19,19,15,,41,,,area
5aeafda55eb7c1000af399cd,44,13,90,26,72,24,19,19,15,,28,,,area
5aeafda55eb7c1000af399ce,44,13,77,26,61,17,19,19,15,,24,,,area
5aeafda55eb7c1000af399cf,57,13,88,26,63,19,19,19,,,30,,,area
5aeafda55eb7c1000af399d0,57,,66,,61,24,19,19,,,35,,,area
5aeafda55eb7c1000af399d1,44,,85,28,70,13,19,19,,,35,,,area
5aeafda55eb7c1000af399d2,41,,81,26,57,13,,19,,,26,,,area
5aeafda55eb7c1000af399d3,48,,77,26,77,19,19,,,,26,,,area
5aeafda55eb7c1000af399d4,55,28,74,26,70,19,19,,,,24,,,area
5aeafda55eb7c1000af399d5,44,28,66,26,66,19,19,,,,30,,,area
5aeafda55eb7c1000af399d6,48,28,74,,72,22,19,,,,41,,,area
5aeafda55eb7c1000af399d7,30,22,70,,66,30,17,,,,37,,,area
5aeafda55eb7c1000af399d8,52,44,72,,55,28,17,,22,,17,,,area
5aeafda55eb7c1000af399d9,46,37,77,,55,24,26,,22,,46,,,area
5aeafda55eb7c1000af399da,50,37,79,,63,24,26,,22,,28,,,area
5aeafda55eb7c1000af399db,50,37,74,,68,35,26,22,24,,28,,,area
5aeafda55eb7c1000af399dc,50,37,66,,74,24,17,22,24,,28,,,area
5aeafda65eb7c1000af399dd,50,24,70,33,74,24,22,17,24,15,28,,,area
5aeafda65eb7c1000af399de,48,24,70,33,83,17,22,17,24,15,28,,,area
5aeafda65eb7c1000af399df,52,24,57,30,77,30,19,17,15,15,30,,,area
5aeafda65eb7c1000af399e0,48,24,66,30,74,33,17,17,15,15,28,,,area
5aeafda65eb7c1000af399e1,48,,70,30,79,22,19,,15,,28,,,area
5aeafda65eb7c1000af399e2,52,30,72,30,63,22,17,,15,,26,,,area
5aeafda65eb7c1000af399e3,59,30,59,28,81,48,33,19,39,,26,,,area
5aeafda65eb7c1000af399e4,50,48,66,28,72,46,39,26,35,,17,,,area
5aeafda65eb7c1000af399e5,59,48,63,28,81,44,41,24,35,,17,,,area
5aeafda65eb7c1000af399e6,68,48,68,28,79,44,35,26,35,,17,,,area
5aeafda65eb7c1000af399e7,55,48,81,,79,30,17,26,37,,22,,,area
5aeafda65eb7c1000af399e8,55,,52,35,79,50,30,26,37,,22,,,area
5aeafda65eb7c1000af399e9,70,,68,28,74,33,28,22,24,,22,,,area
5aeafda65eb7c1000af399ea,59,35,74,28,92,46,37,22,24,,22,,,area
5aeafda65eb7c1000af399eb,50,35,59,35,85,46,22,22,24,,22,,,area
5aeafda65eb7c1000af399ec,55,35,61,35,90,37,28,22,24,,22,,,area
5aeafda65eb7c1000af399ed,55,35,48,35,85,28,33,22,28,,22,,,area
5aeafda65eb7c1000af399ee,83,37,52,46,99,48,37,28,35,,26,,26,area
5aeafda65eb7c1000af399ef,83,37,63,46,99,55,41,26,17,,26,,26,area
5aeafda65eb7c1000af399f0,83,37,59,46,99,55,19,26,26,,26,,26,area
5aeafda65eb7c1000af399f1,70,37,66,46,99,46,30,26,26,,26,,26,area
5aeafda65eb7c1000af399f2,70,,63,,77,35,28,26,26,,15,,,area
5aeafda65eb7c1000af399f3,66,35,59,57,33,46,28,22,44,,15,,,area
5aeafda65eb7c1000af399f4,66,35,70,57,33,50,30,17,44,,19,,,area
5aeafda65eb7c1000af399f5,88,48,59,37,85,37,33,24,44,,24,,,area
5aeafda65eb7c1000af399f6,85,57,52,30,57,33,17,22,28,,24,,,area
5aeafda65eb7c1000af399f7,85,57,57,48,99,33,26,22,28,,22,,,area
5aeafda65eb7c1000af399f8,74,46,63,50,90,24,26,22,28,,22,,,area
5aeafda65eb7c1000af399f9,74,44,59,48,96,28,26,24,28,,22,,,area
5aeafda65eb7c1000af399fa,83,44,61,48,88,35,17,17,28,,17,,,area
5aeafda65eb7c1000af399fb,63,37,61,48,17,30,17,17,28,,19,,,area
5aeafda65eb7c1000af399fc,63,37,61,48,99,30,24,19,33,,24,,,area
5aeafda65eb7c1000af399fd,61,37,63,48,24,33,24,19,33,,22,,,area
5aeafda65eb7c1000af399fe,46,30,61,48,24,33,24,19,33,,19,,,area
5aeafda65eb7c1000af399ff,46,30,46,35,99,22,28,19,33,,19,,,area
5aeafda65eb7c1000af39a00,70,30,63,48,99,35,26,17,,,19,,,area
5aeafda65eb7c1000af39a01,52,30,48,48,88,35,26,17,19,,19,,,area
5aeafda65eb7c1000af39a02,52,,59,48,77,19,28,17,19,,,,,area
5aeafda65eb7c1000af39a03,37,,59,48,83,19,28,17,26,,,,,area
5aeafda65eb7c1000af39a04,68,,55,,90,19,24,,24,,,,,area
5aeafda65eb7c1000af39a05,46,50,66,46,,39,30,26,26,,,,,area
5aeafda65eb7c1000af39a06,35,35,74,,94,26,22,,33,,22,,,area
5aeafda65eb7c1000af39a07,72,41,52,57,99,26,30,,15,,15,,,area
5aeafda65eb7c1000af39a08,68,41,44,57,99,41,28,,15,,15,,,area
5aeafda65eb7c1000af39a09,57,46,48,59,99,30,19,,15,,19,,,area
5aeafda65eb7c1000af39a0a,52,46,55,13,99,24,19,,28,,19,,,area
5aeafda65eb7c1000af39a0b,77,50,59,13,99,44,35,,28,,19,,,area
5aeafda65eb7c1000af39a0c,61,46,63,13,99,55,35,28,28,,19,,,area
5aeafda65eb7c1000af39a0d,68,52,52,13,92,22,30,28,28,,19,,,area
5aeafda65eb7c1000af39a0e,72,52,70,,99,26,26,13,28,,15,,,area
5aeafda65eb7c1000af39a0f,59,52,61,,61,22,22,13,,,15,,,area
5aeafda65eb7c1000af39a10,63,33,61,,99,22,19,17,,,15,,,area
5aeafda65eb7c1000af39a11,70,33,66,44,94,39,22,17,,,15,,,area
5aeafda65eb7c1000af39a12,70,33,66,63,79,30,28,17,,,26,,,area
5aeafda65eb7c1000af39a13,81,37,63,63,92,35,28,17,,,26,,,area
5aeafda65eb7c1000af39a14,68,37,59,72,85,44,30,,28,,26,,,area
5aeafda65eb7c1000af39a15,99,55,55,52,88,44,35,22,15,,26,,,area
5aeafda65eb7c1000af39a16,83,61,50,52,88,44,35,22,15,,,,,area
5aeafda65eb7c1000af39a17,66,52,46,17,88,41,33,17,28,,,,,area
5aeafda65eb7c1000af39a18,17,35,44,17,70,39,24,15,28,,,,,area
5aeafda65eb7c1000af39a19,94,55,55,63,74,46,35,22,28,,,,,area
5aeafda65eb7c1000af39a1a,77,39,50,63,74,50,35,22,26,,22,,,area
5aeafda65eb7c1000af39a1b,83,39,48,63,68,28,37,19,26,,22,,,area
5aeafda65eb7c1000af39a1c,68,35,59,63,94,41,37,19,26,,22,,,area
5aeafda75eb7c1000af39a1d,72,28,55,63,68,26,22,19,26,,22,,,area
5aeafda75eb7c1000af39a1e,70,28,48,70,61,39,22,19,,,,,,area
5aeafda75eb7c1000af39a1f,74,28,61,70,61,37,22,19,,,,,,area
5aeafda75eb7c1000af39a20,79,28,52,61,94,15,33,19,,,17,,,area
5aeafda75eb7c1000af39a21,77,,52,61,99,37,26,17,,,17,,,area
5aeafda75eb7c1000af39a22,74,,70,44,85,35,19,15,,,19,24,,area
5aeafda75eb7c1000af39a23,74,,63,39,92,33,22,19,26,,24,24,,area
5aeafda75eb7c1000af39a24,68,,68,44,90,37,24,19,26,,24,24,22,area
5aeafda75eb7c1000af39a25,74,22,61,44,79,46,28,24,26,,17,24,22,area
5aeafda75eb7c1000af39a26,66,41,68,44,26,50,33,30,26,,24,,22,area
5aeafda75eb7c1000af39a27,85,41,57,52,44,66,39,30,,,24,,22,area
5aeafda75eb7c1000af39a28,83,41,59,48,83,61,39,33,33,,17,,,area
5aeafda75eb7c1000af39a29,83,41,63,48,63,44,35,33,30,,17,,,area
5aeafda75eb7c1000af39a2a,66,,61,55,77,37,39,33,30,,17,,,area
5aeafda75eb7c1000af39a2b,66,,52,46,52,46,41,30,30,,17,,,area
5aeafda75eb7c1000af39a2c,79,,55,35,70,55,30,35,26,,22,,,area
5aeafda75eb7c1000af39a2d,88,41,57,35,61,48,37,28,26,,17,,,area
5aeafda75eb7c1000af39a2e,88,59,55,59,74,52,35,33,26,26,17,,22,area
5aeafda75eb7c1000af39a2f,70,59,55,50,66,44,41,28,33,26,17,,22,area
5aeafda75eb7c1000af39a30,63,50,52,50,66,46,35,17,39,26,19,,22,area
5aeafda75eb7c1000af39a31,63,50,66,50,66,44,28,26,28,26,22,,22,area
5aeafda75eb7c1000af39a32,81,50,63,50,66,28,39,26,28,,22,,,area
5aeafda75eb7c1000af39a33,81,50,63,,66,55,26,28,24,,22,,33,area
5aeafda75eb7c1000af39a34,90,50,48,52,77,28,33,30,24,,17,,33,area
5aeafda75eb7c1000af39a35,72,48,61,52,72,50,44,30,41,,15,,33,area
5aeafda75eb7c1000af39a36,63,48,59,52,72,46,35,30,41,,15,,33,area
5aeafda75eb7c1000af39a37,72,48,57,52,77,26,44,26,30,,15,,,area
5aeafda75eb7c1000af39a38,72,35,63,48,33,39,15,24,35,22,15,,,area
5aeafda75eb7c1000af39a39,15,35,66,52,83,30,37,22,28,22,,,,area
5aeafda75eb7c1000af39a3a,79,17,52,44,63,28,37,22,30,22,,,,area
5aeafda75eb7c1000af39a3b,59,44,61,30,66,39,15,,30,,15,,,area
5aeafda75eb7c1000af39a3c,72,50,37,55,,68,70,46,59,39,26,46,39,area
5aeafda75eb7c1000af39a3d,72,50,35,55,35,46,41,41,61,39,19,46,39,area
5aeafda75eb7c1000af39a3e,59,55,41,52,46,59,46,41,50,39,30,28,39,area
5aeafda75eb7c1000af39a3f,52,72,35,68,46,68,46,46,57,,33,48,48,area
5aeafda75eb7c1000af39a40,74,22,35,68,46,68,52,44,52,,30,48,48,area
5aeafda75eb7c1000af39a41,77,22,41,70,44,50,39,44,52,37,33,17,48,area
5aeafda75eb7c1000af39a42,59,77,39,70,46,57,44,39,59,37,26,17,48,area
5aeafda75eb7c1000af39a43,63,22,39,70,46,61,44,46,55,48,46,41,,area
5aeafda75eb7c1000af39a44,68,90,37,70,46,63,57,48,61,48,46,52,,area
5aeafda75eb7c1000af39a45,83,90,41,74,46,68,57,50,50,48,22,46,39,area
5aeafda75eb7c1000af39a46,22,90,35,85,39,55,24,33,44,48,26,63,35,area
5aeafda75eb7c1000af39a47,81,90,39,77,55,57,46,30,41,,28,44,35,area
5aeafda75eb7c1000af39a48,79,70,39,77,50,72,57,33,44,,24,44,35,area
5aeafda75eb7c1000af39a49,79,70,35,77,41,61,52,41,50,,30,44,35,area
5aeafda75eb7c1000af39a4a,81,81,30,77,41,57,37,39,39,,28,44,,area
5aeafda75eb7c1000af39a4b,99,81,30,19,41,55,50,37,46,,22,44,,area
5aeafda75eb7c1000af39a4c,99,19,33,74,57,48,35,46,37,,17,,,area
5aeafda75eb7c1000af39a4d,99,77,33,63,57,59,46,44,39,,17,57,,area
5aeafda75eb7c1000af39a4e,99,17,41,63,46,59,57,28,41,,17,57,,area
5aeafda75eb7c1000af39a4f,92,59,39,63,68,57,55,33,55,28,17,57,68,area
5aeafda75eb7c1000af39a50,99,59,30,77,68,24,37,22,33,28,22,26,68,area
5aeafda75eb7c1000af39a51,99,48,39,61,52,46,48,35,35,28,35,26,68,area
5aeafda75eb7c1000af39a52,99,61,37,63,70,57,44,37,35,28,35,26,68,area
5aeafda75eb7c1000af39a53,99,46,35,70,63,48,41,35,28,28,35,26,,area
5aeafda75eb7c1000af39a54,99,46,30,68,63,63,52,46,35,28,35,,,area
5aeafda75eb7c1000af39a55,99,68,30,88,63,61,57,28,39,,28,,,area
5aeafda75eb7c1000af39a56,99,66,33,85,63,74,48,37,39,33,28,24,22,area
5aeafda75eb7c1000af39a57,99,63,28,85,50,41,61,44,44,28,35,24,22,area
5aeafda85eb7c1000af39a58,94,68,28,90,37,52,52,24,46,39,33,24,22,area
5aeafda85eb7c1000af39a59,99,83,28,81,37,77,48,41,41,39,26,46,22,area
5aeafda85eb7c1000af39a5a,77,83,26,79,37,59,48,33,48,39,28,28,33,area
5aeafda85eb7c1000af39a5b,81,74,28,81,37,61,52,44,41,39,30,37,33,area
5aeafda85eb7c1000af39a5c,90,74,30,99,,81,26,52,46,,44,37,33,area
5aeafda85eb7c1000af39a5d,99,74,33,92,35,61,48,48,46,,44,37,33,area
5aeafda85eb7c1000af39a5e,74,88,37,79,35,61,44,37,46,,37,37,,area
5aeafda85eb7c1000af39a5f,61,79,39,99,46,63,39,50,41,37,30,,,area
5aeafda85eb7c1000af39a60,61,85,35,92,46,70,48,50,46,46,35,19,,area
5aeafda85eb7c1000af39a61,66,39,35,99,46,74,63,50,44,52,35,19,28,area
5aeafda85eb7c1000af39a62,70,81,33,99,46,52,59,35,48,52,22,41,26,area
5aeafda85eb7c1000af39a63,85,85,35,99,48,59,41,46,48,52,22,41,26,area
5aeafda85eb7c1000af39a64,85,83,28,99,46,55,50,48,30,41,26,41,26,area
5aeafda85eb7c1000af39a65,85,83,39,19,46,74,63,15,74,41,35,41,39,area
5aeafda85eb7c1000af39a66,85,83,48,19,48,44,39,46,33,41,35,,39,area
5aeafda85eb7c1000af39a67,81,79,44,72,48,61,61,33,37,41,35,26,39,area
5aeafda85eb7c1000af39a68,74,79,50,70,50,63,41,37,26,,24,26,39,area
5aeafda85eb7c1000af39a69,79,79,37,70,50,50,48,33,35,,24,26,,area
5aeafda85eb7c1000af39a6a,70,55,46,63,55,55,46,26,46,,22,26,,area
5aeafda85eb7c1000af39a6b,72,55,35,61,68,50,41,28,39,,22,,,area
5aeafda85eb7c1000af39a6c,74,70,52,61,68,44,41,24,39,,19,,,area
5aeafda85eb7c1000af39a6d,77,59,41,61,55,52,39,17,30,,19,,26,area
5aeafda85eb7c1000af39a6e,74,66,39,61,59,50,39,30,44,,24,28,26,area
5aeafda85eb7c1000af39a6f,92,66,44,48,59,55,35,30,39,,22,28,26,area
5aeafda85eb7c1000af39a70,72,55,39,48,55,52,19,35,37,,28,28,26,area
5aeafda85eb7c1000af39a71,72,55,46,48,66,33,44,39,50,,24,28,,area
5aeafda85eb7c1000af39a72,83,63,55,46,57,72,44,35,46,,24,37,,area
5aeafda85eb7c1000af39a73,83,74,39,46,57,46,59,41,44,28,24,37,,area
5aeafda85eb7c1000af39a74,83,52,44,46,24,48,59,35,44,28,26,28,35,area
5aeafda85eb7c1000af39a75,81,72,37,46,66,70,52,33,33,28,26,28,35,area
5aeafda85eb7c1000af39a76,81,77,57,72,66,59,57,48,35,28,26,28,35,area
5aeafda85eb7c1000af39a77,68,68,46,72,66,50,59,26,50,28,19,33,35,area
5aeafda85eb7c1000af39a78,24,77,46,72,66,68,52,39,35,28,26,44,,area
5aeafda85eb7c1000af39a79,83,57,37,59,61,74,55,35,37,28,28,44,33,area
5aeafda85eb7c1000af39a7a,77,57,30,77,50,72,50,37,41,,30,44,33,area
5aeafda85eb7c1000af39a7b,77,77,30,70,55,68,52,46,39,28,35,44,33,area
5aeafda85eb7c1000af39a7c,90,77,57,19,39,70,35,33,44,28,30,44,33,area
5aeafda85eb7c1000af39a7d,99,77,33,68,72,52,44,33,41,28,30,46,33,area
5aeafda85eb7c1000af39a7e,83,68,37,63,55,55,50,35,55,28,26,46,,area
5aeafda85eb7c1000af39a7f,85,72,52,68,39,57,41,37,37,,28,46,30,area
5aeafda85eb7c1000af39a80,90,74,52,77,46,52,59,39,55,,28,46,30,area
5aeafda85eb7c1000af39a81,72,81,41,77,46,52,48,50,48,,28,35,19,area
5aeafda85eb7c1000af39a82,72,83,48,63,46,48,48,33,50,,35,48,35,area
5aeafda85eb7c1000af39a83,72,72,37,81,46,72,61,55,50,,30,48,35,area
5aeafda85eb7c1000af39a84,68,79,28,83,,79,61,44,55,,22,50,41,area
5aeafda85eb7c1000af39a85,85,99,30,99,,72,59,48,48,,30,63,55,area
5aeafda85eb7c1000af39a86,74,90,44,79,,66,55,44,59,,37,46,55,area
5aeafda85eb7c1000af39a87,70,77,41,85,,59,55,46,57,,22,46,55,area
5aeafda85eb7c1000af39a88,63,77,37,72,50,63,59,59,61,,22,46,55,area
5aeafda85eb7c1000af39a89,72,77,41,72,50,61,24,59,55,26,30,35,,area
5aeafda85eb7c1000af39a8a,63,77,39,72,50,61,50,50,63,26,28,46,,area
5aeafda85eb7c1000af39a8b,63,68,48,66,50,55,44,39,48,26,28,46,,area
5aeafda85eb7c1000af39a8c,33,57,39,57,,48,41,17,15,,19,46,,area
5aeafda85eb7c1000af39a8d,68,68,39,55,,48,41,17,15,,19,,,area
5aeafda85eb7c1000af39a8e,55,74,41,55,24,46,22,35,,,,,,area
5aeafda85eb7c1000af39a8f,74,74,44,70,35,37,22,24,33,,17,37,19,area
5aeafda85eb7c1000af39a90,74,74,44,70,24,44,28,28,33,,15,37,19,area
5aeafda85eb7c1000af39a91,19,63,57,68,19,46,48,28,41,19,17,28,30,area
5aeafda95eb7c1000af39a92,59,72,44,63,19,63,46,48,37,19,26,28,26,area
5aeafda95eb7c1000af39a93,61,83,41,57,37,44,59,57,50,30,26,57,26,area
5aeafda95eb7c1000af39a94,61,83,48,70,37,52,52,57,46,30,26,57,26,area
5aeafda95eb7c1000af39a95,61,70,39,70,37,48,41,55,46,30,41,50,,area
5aeafda95eb7c1000af39a96,59,83,41,70,41,66,48,44,66,30,39,44,,area
5aeafda95eb7c1000af39a97,59,37,44,81,41,70,48,46,72,,30,48,41,area
5aeafda95eb7c1000af39a98,63,99,33,66,41,59,72,52,57,,39,48,41,area
5aeafda95eb7c1000af39a99,68,81,39,66,,61,68,55,59,,24,52,30,area
5aeafda95eb7c1000af39a9a,72,92,37,66,,66,59,46,46,,33,61,30,area
5aeafda95eb7c1000af39a9b,59,99,37,66,,70,52,61,57,,33,61,30,area
5aeafda95eb7c1000af39a9c,66,88,33,70,,63,74,52,66,,37,30,,area
5aeafda95eb7c1000af39a9d,68,90,30,63,,66,59,48,52,,30,48,,area
5aeafda95eb7c1000af39a9e,70,81,37,66,,79,63,55,59,,48,39,37,area
5aeafda95eb7c1000af39a9f,57,94,48,68,,79,63,44,59,,33,50,33,area
5aeafda95eb7c1000af39aa0,79,85,33,68,,72,83,59,61,,39,52,37,area
5aeafda95eb7c1000af39aa1,63,92,33,74,,81,63,70,57,,48,48,37,area
5aeafda95eb7c1000af39aa2,81,88,28,77,,57,72,46,50,,39,48,37,area
5aeafda95eb7c1000af39aa3,85,99,28,79,39,68,44,46,57,,37,39,,area
5aeafda95eb7c1000af39aa4,83,99,41,85,39,52,68,50,55,57,28,39,,area
5aeafda95eb7c1000af39aa5,68,99,24,90,39,66,57,57,52,57,33,39,,area
5aeafda95eb7c1000af39aa6,63,90,30,81,,68,55,41,50,57,33,63,,area
5aeafda95eb7c1000af39aa7,72,96,33,77,,66,61,44,61,,37,63,,area
5aeafda95eb7c1000af39aa8,68,88,39,77,,70,55,52,61,,39,41,,area
5aeafda95eb7c1000af39aa9,79,83,37,79,,57,52,46,44,,41,44,,area
5aeafda95eb7c1000af39aaa,57,92,30,79,48,83,57,59,59,,41,59,,area
5aeafda95eb7c1000af39aab,63,72,39,81,48,66,74,57,70,,46,61,37,area
5aeafda95eb7c1000af39aac,63,85,30,74,48,74,72,48,61,61,35,48,37,area
5aeafda95eb7c1000af39aad,74,74,22,74,48,81,63,61,63,52,39,57,37,area
5aeafda95eb7c1000af39aae,61,92,24,74,,83,72,59,61,52,46,55,,area
5aeafda95eb7c1000af39aaf,63,83,30,74,,61,57,50,68,52,37,37,35,area
5aeafda95eb7c1000af39ab0,63,92,30,74,30,63,70,63,57,,52,19,33,area
5aeafda95eb7c1000af39ab1,61,74,35,74,30,74,61,48,68,,52,41,44,area
5aeafda95eb7c1000af39ab2,61,92,35,83,30,66,59,59,57,,35,59,39,area
5aeafda95eb7c1000af39ab3,61,83,35,79,50,66,55,44,50,,28,48,26,area
5aeafda95eb7c1000af39ab4,61,94,26,74,50,85,70,59,52,,46,35,41,area
5aeafda95eb7c1000af39ab5,83,99,44,79,50,72,57,61,61,,39,55,41,area
5aeafda95eb7c1000af39ab6,68,81,28,74,50,81,61,68,77,,35,61,55,area
5aeafda95eb7c1000af39ab7,55,81,28,72,,79,74,59,52,,35,55,55,area
5aeafda95eb7c1000af39ab8,72,88,39,19,,83,63,55,57,,39,68,50,area
5aeafda95eb7c1000af39ab9,46,83,39,57,,83,61,57,66,,55,61,46,area
5aeafda95eb7c1000af39aba,72,85,39,63,,83,50,66,74,52,37,44,55,area
5aeafda95eb7c1000af39abb,72,85,39,70,,68,68,55,74,52,44,61,55,area
5aeafda95eb7c1000af39abc,61,74,26,68,,79,85,70,63,52,52,68,50,area
5aeafda95eb7c1000af39abd,61,85,26,68,,88,81,66,57,50,44,70,37,area
5aeafda95eb7c1000af39abe,81,17,28,74,,66,70,48,57,50,48,52,33,area
5aeafda95eb7c1000af39abf,57,63,26,68,,57,41,50,74,48,46,52,46,area
5aeafda95eb7c1000af39ac0,44,66,22,50,,63,68,61,57,48,30,57,46,area
5aeafda95eb7c1000af39ac1,70,99,26,59,,90,79,55,66,48,70,55,46,area
5aeafda95eb7c1000af39ac2,50,83,17,68,,85,72,48,50,48,30,50,35,area
5aeafda95eb7c1000af39ac3,59,77,17,81,,74,59,50,74,39,24,46,35,area
5aeafda95eb7c1000af39ac4,59,74,46,50,,68,68,41,52,52,28,39,41,area
5aeafda95eb7c1000af39ac5,57,77,46,63,,68,85,61,52,52,44,37,48,area
5aeafda95eb7c1000af39ac6,48,74,37,72,,90,81,70,70,52,48,61,46,area
5aeafda95eb7c1000af39ac7,46,74,37,57,,61,83,63,59,48,52,57,59,area
5aeafda95eb7c1000af39ac8,48,85,37,77,,61,63,63,61,48,33,50,59,area
5aeafda95eb7c1000af39ac9,61,88,37,72,,50,57,61,48,39,37,50,59,area
5aeafda95eb7c1000af39aca,61,74,26,79,,77,59,66,55,39,37,44,22,area
5aeafda95eb7c1000af39acb,59,63,28,61,,77,59,72,77,39,57,68,57,area
5aeafdaa5eb7c1000af39acc,52,63,28,63,,85,72,83,66,39,48,52,57,area
5aeafdaa5eb7c1000af39acd,52,99,35,66,,70,85,50,55,50,48,48,57,area
5aeafdaa5eb7c1000af39ace,59,79,22,66,,68,70,74,57,50,52,59,50,area
5aeafdaa5eb7c1000af39acf,55,79,22,55,,68,77,63,74,50,55,61,50,area
5aeafdaa5eb7c1000af39ad0,66,77,41,72,,83,68,59,57,50,44,44,61,area
5aeafdaa5eb7c1000af39ad1,72,77,30,79,,74,52,55,48,66,41,59,61,area
5aeafdaa5eb7c1000af39ad2,66,90,46,70,,74,46,52,55,66,48,52,61,area
5aeafdaa5eb7c1000af39ad3,68,99,28,66,,63,70,74,70,68,52,66,61,area
5aeafdaa5eb7c1000af39ad4,63,74,33,68,,81,81,74,68,68,48,41,41,area
5aeafdaa5eb7c1000af39ad5,72,77,35,63,30,92,72,74,63,61,46,48,41,area
5aeafdaa5eb7c1000af39ad6,59,77,37,66,30,88,61,66,57,61,46,41,41,area
5aeafdaa5eb7c1000af39ad7,72,85,48,74,30,94,81,66,77,66,50,39,41,area
5aeafdaa5eb7c1000af39ad8,48,99,37,74,30,94,63,79,79,66,61,61,,area
5aeafdaa5eb7c1000af39ad9,63,70,39,63,,94,77,46,81,74,61,70,50,area
5aeafdaa5eb7c1000af39ada,50,72,41,63,,88,83,63,77,68,59,63,50,area
5aeafdaa5eb7c1000af39adb,66,92,37,77,,83,81,59,61,68,46,55,50,area
5aeafdaa5eb7c1000af39adc,52,66,37,83,,90,63,77,66,68,57,52,44,area
5aeafdaa5eb7c1000af39add,61,70,35,57,,83,85,81,72,68,83,57,44,area
5aeafdaa5eb7c1000af39ade,66,70,50,61,,66,79,90,72,52,66,63,44,area
5aeafdaa5eb7c1000af39adf,44,70,41,61,,85,63,74,81,66,72,68,63,area
5aeafdaa5eb7c1000af39ae0,57,85,30,61,,90,70,68,83,68,61,74,55,area
5aeafdaa5eb7c1000af39ae1,61,85,35,68,,74,70,63,59,68,50,61,55,area
5aeafdaa5eb7c1000af39ae2,61,72,41,68,,88,77,68,70,68,59,68,55,area
5aeafdaa5eb7c1000af39ae3,59,74,30,61,,74,63,68,52,35,39,59,44,area
5aeafdaa5eb7c1000af39ae4,70,85,33,63,37,83,70,66,68,57,48,70,44,area
5aeafdaa5eb7c1000af39ae5,70,85,28,55,37,68,77,63,72,57,50,57,44,area
5aeafdaa5eb7c1000af39ae6,48,74,30,66,37,90,81,59,63,57,50,70,44,area
5aeafdaa5eb7c1000af39ae7,52,77,30,52,37,77,77,68,61,57,41,68,,area
5aeafdaa5eb7c1000af39ae8,52,70,30,57,,83,68,66,70,57,37,68,41,area
5aeafdaa5eb7c1000af39ae9,52,63,24,57,,68,83,61,72,57,46,59,41,area
5aeafdaa5eb7c1000af39aea,52,90,30,46,30,85,83,57,66,57,46,83,48,area
5aeafdaa5eb7c1000af39aeb,61,85,39,57,30,88,57,55,66,57,55,55,48,area
5aeafdaa5eb7c1000af39aec,35,63,39,57,24,68,72,19,70,33,61,55,37,area
5aeafdaa5eb7c1000af39aed,57,74,33,57,24,74,61,68,57,55,48,39,26,area
5aeafdaa5eb7c1000af39aee,55,74,35,63,24,81,70,61,70,55,50,63,55,area
5aeafdaa5eb7c1000af39aef,55,77,33,63,24,74,68,74,68,55,39,74,57,area
5aeafdaa5eb7c1000af39af0,59,72,33,57,,94,74,59,66,55,57,68,50,area
5aeafdaa5eb7c1000af39af1,48,66,33,55,,88,68,70,79,,59,41,50,area
5aeafdaa5eb7c1000af39af2,48,85,37,61,,88,70,72,74,,63,50,30,area
5aeafdaa5eb7c1000af39af3,48,66,37,61,,99,70,83,79,57,70,57,61,area
5aeafdaa5eb7c1000af39af4,50,66,37,61,,92,74,72,83,57,57,50,55,area
5aeafdaa5eb7c1000af39af5,48,72,52,50,,99,92,81,79,57,57,52,55,area
5aeafdaa5eb7c1000af39af6,48,55,22,37,,94,79,74,85,57,55,74,59,area
5aeafdaa5eb7c1000af39af7,33,55,22,46,,72,79,66,85,57,55,85,68,area
5aeafdaa5eb7c1000af39af8,46,59,39,46,,92,94,22,99,68,44,57,74,area
5aeafdaa5eb7c1000af39af9,48,61,39,48,,92,99,79,88,68,52,72,61,area
5aeafdaa5eb7c1000af39afa,48,74,39,48,,88,92,70,77,68,44,81,63,area
5aeafdaa5eb7c1000af39afb,41,74,28,48,,90,85,81,90,68,59,79,66,area
5aeafdaa5eb7c1000af39afc,41,50,28,41,,88,92,74,81,66,55,92,66,area
5aeafdaa5eb7c1000af39afd,41,50,28,41,,72,72,79,88,66,55,83,57,area
5aeafdaa5eb7c1000af39afe,48,52,28,39,,70,81,79,92,41,48,88,59,area
5aeafdaa5eb7c1000af39aff,48,52,,39,,77,88,70,55,41,44,99,48,area
5aeafdaa5eb7c1000af39b00,46,52,,44,,88,79,74,77,41,50,99,61,area
5aeafdaa5eb7c1000af39b01,39,52,19,37,,88,83,72,70,57,52,99,61,area
5aeafdaa5eb7c1000af39b02,39,50,24,37,,85,99,77,74,52,44,99,50,area
5aeafdaa5eb7c1000af39b03,39,50,24,39,,96,90,72,70,50,61,99,55,area
5aeafdaa5eb7c1000af39b04,39,50,19,44,,83,66,90,83,59,57,99,57,area
5aeafdaa5eb7c1000af39b05,44,55,26,44,,74,99,92,74,61,61,99,55,area
5aeafdaa5eb7c1000af39b06,44,50,26,41,,88,74,72,92,46,61,85,46,area
5aeafdaa5eb7c1000af39b07,44,55,26,39,,85,70,79,70,52,52,83,41,area
5aeafdaa5eb7c1000af39b08,28,48,26,39,,83,81,66,70,52,39,79,59,area
5aeafdaa5eb7c1000af39b09,24,46,,39,,92,74,88,83,55,57,61,63,area
5aeafdab5eb7c1000af39b0a,24,46,28,39,,85,77,74,72,44,44,85,70,area
5aeafdab5eb7c1000af39b0b,50,46,41,,,88,94,81,90,44,44,85,66,area
5aeafdab5eb7c1000af39b0c,50,46,28,41,,83,85,74,88,44,59,88,63,area
5aeafdab5eb7c1000af39b0d,50,48,28,41,,88,70,81,90,44,48,70,50,area
5aeafdab5eb7c1000af39b0e,50,48,24,48,,81,63,74,74,,52,79,55,area
5aeafdab5eb7c1000af39b0f,,50,24,48,,74,83,83,88,52,39,83,50,area
5aeafdab5eb7c1000af39b10,33,50,61,33,,90,72,77,79,61,50,90,44,area
5aeafdab5eb7c1000af39b11,46,50,61,33,,92,90,83,70,61,50,88,52,area
5aeafdab5eb7c1000af39b12,46,50,28,33,,96,83,74,85,61,55,68,70,area
5aeafdab5eb7c1000af39b13,46,57,28,33,,99,85,72,85,59,63,68,72,area
5aeafdab5eb7c1000af39b14,46,57,22,50,,90,88,79,92,55,48,52,83,area
5aeafdab5eb7c1000af39b15,,57,28,46,,88,94,88,99,48,68,59,72,area
5aeafdab5eb7c1000af39b16,46,46,22,46,,85,85,79,99,48,68,61,70,area
5aeafdab5eb7c1000af39b17,46,50,35,46,,92,85,63,99,52,48,57,68,area
5aeafdab5eb7c1000af39b18,37,52,35,52,,99,90,70,81,63,59,68,68,area
5aeafdab5eb7c1000af39b19,37,44,26,55,,81,96,90,92,63,72,61,61,area
5aeafdab5eb7c1000af39b1a,37,44,26,48,,85,99,83,72,61,63,57,55,area
5aeafdab5eb7c1000af39b1b,61,66,26,48,,85,85,96,92,61,61,61,70,area
5aeafdab5eb7c1000af39b1c,61,52,26,48,,94,99,74,92,61,68,72,61,area
5aeafdab5eb7c1000af39b1d,61,52,,44,,92,99,94,96,61,74,59,68,area
5aeafdab5eb7c1000af39b1e,61,52,,46,,99,99,88,88,59,48,61,81,area
5aeafdab5eb7c1000af39b1f,,52,,46,,92,99,77,79,59,55,55,77,area
5aeafdab5eb7c1000af39b20,46,52,30,46,,94,94,81,88,63,63,59,79,area
5aeafdab5eb7c1000af39b21,46,46,48,46,,90,96,68,99,55,74,57,77,area
5aeafdab5eb7c1000af39b22,46,46,48,,,72,99,61,92,61,61,52,59,area
5aeafdab5eb7c1000af39b23,46,46,48,,,72,99,63,96,61,61,52,83,area
5aeafdab5eb7c1000af39b24,,44,48,41,,77,99,68,92,61,59,63,81,area
5aeafdab5eb7c1000af39b25,,44,,44,,85,72,85,96,59,52,48,81,area
5aeafdab5eb7c1000af39b26,35,44,46,44,,77,81,61,96,59,57,59,72,area
5aeafdab5eb7c1000af39b27,28,44,30,44,,85,79,88,77,59,61,63,61,area
5aeafdab5eb7c1000af39b28,28,44,30,41,,74,72,74,92,59,59,74,79,area
5aeafdab5eb7c1000af39b29,35,46,30,35,,81,72,66,99,57,48,68,81,area
5aeafdab5eb7c1000af39b2a,28,46,30,35,,85,77,70,99,57,68,63,68,area
5aeafdab5eb7c1000af39b2b,26,35,19,35,,74,77,72,94,57,52,57,92,area
5aeafdab5eb7c1000af39b2c,26,35,19,35,,88,94,68,94,37,50,61,83,area
5aeafdab5eb7c1000af39b2d,26,37,19,39,,88,83,68,85,50,59,68,74,area
5aeafdab5eb7c1000af39b2e,33,50,19,39,,90,88,74,94,50,61,52,55,area
5aeafdab5eb7c1000af39b2f,33,37,35,35,,70,83,66,94,50,46,63,66,area
5aeafdab5eb7c1000af39b30,35,46,35,35,,72,66,81,94,41,59,77,74,area
5aeafdab5eb7c1000af39b31,28,61,24,41,,72,61,83,94,41,39,72,83,area
5aeafdab5eb7c1000af39b32,24,61,37,37,,74,88,68,88,41,70,55,81,area
5aeafdab5eb7c1000af39b33,24,41,37,33,,72,79,66,94,41,63,55,61,area
5aeafdab5eb7c1000af39b34,24,33,37,37,,66,88,70,96,52,55,63,70,area
5aeafdab5eb7c1000af39b35,28,48,37,37,,90,94,88,99,52,59,48,81,area
5aeafdab5eb7c1000af39b36,28,48,,28,,61,90,74,99,52,48,46,83,area
5aeafdab5eb7c1000af39b37,28,37,,28,,88,79,74,94,55,55,46,88,area
5aeafdab5eb7c1000af39b38,22,46,24,28,,79,94,83,90,55,46,61,70,area
5aeafdab5eb7c1000af39b39,22,39,22,26,,72,94,70,90,39,55,48,57,area
5aeafdab5eb7c1000af39b3a,22,39,22,26,,77,99,70,77,50,59,63,68,area
5aeafdab5eb7c1000af39b3b,22,46,24,26,,90,99,70,99,50,66,63,66,area
5aeafdab5eb7c1000af39b3c,37,37,24,28,,88,83,72,90,52,59,55,68,area
5aeafdab5eb7c1000af39b3d,37,37,24,30,,88,74,92,90,46,68,52,72,area
5aeafdab5eb7c1000af39b3e,37,37,24,30,,99,88,70,94,61,68,55,68,area
5aeafdab5eb7c1000af39b3f,30,44,28,30,,66,88,68,83,50,52,59,85,area
5aeafdac5eb7c1000af39b40,26,44,28,26,,83,94,63,92,50,55,55,81,area
5aeafdac5eb7c1000af39b41,26,44,28,33,,81,99,81,79,50,66,52,90,area
5aeafdac5eb7c1000af39b42,26,44,28,39,,90,99,74,94,59,66,59,72,area
5aeafdac5eb7c1000af39b43,33,,30,41,,81,96,83,79,59,50,59,57,area
5aeafdac5eb7c1000af39b44,33,,30,41,,74,92,66,94,59,50,46,90,area
5aeafdac5eb7c1000af39b45,33,,30,37,,70,99,81,99,59,50,57,92,area
5aeafdac5eb7c1000af39b46,24,,30,37,,88,74,70,92,50,50,55,88,area
5aeafdac5eb7c1000af39b47,26,44,,37,,92,99,61,88,50,55,68,72,area
5aeafdac5eb7c1000af39b48,26,44,19,37,,68,77,66,92,52,66,61,61,area
5aeafdac5eb7c1000af39b49,26,33,19,30,,70,79,72,99,52,50,52,72,area
5aeafdac5eb7c1000af39b4a,26,44,19,35,,74,92,52,99,52,59,48,83,area
5aeafdac5eb7c1000af39b4b,28,61,19,30,,83,74,59,92,50,52,44,44,area
5aeafdac5eb7c1000af39b4c,28,50,,28,,88,81,68,94,50,48,52,72,area
5aeafdac5eb7c1000af39b4d,28,50,,33,,70,83,70,94,48,41,48,72,area
5aeafdac5eb7c1000af39b4e,28,50,24,37,,68,70,59,99,48,44,50,94,area
5aeafdac5eb7c1000af39b4f,28,50,24,24,,66,72,48,99,35,37,30,96,area
5aeafdac5eb7c1000af39b50,28,,24,24,,59,77,59,99,30,37,46,96,area
5aeafdac5eb7c1000af39b51,24,,24,24,,74,63,63,99,30,35,57,99,area
5aeafdac5eb7c1000af39b52,24,,,24,,68,59,66,99,30,35,26,99,area
5aeafdac5eb7c1000af39b53,24,,,22,,55,74,46,99,30,35,35,99,area
5aeafdac5eb7c1000af39b54,,28,,22,,68,79,57,92,26,,37,68,area
5aeafdac5eb7c1000af39b55,,28,,22,,59,72,48,99,26,24,44,99,area
5aeafdac5eb7c1000af39b56,,28,,22,,72,72,22,99,35,24,28,96,area
5aeafdac5eb7c1000af39b57,24,28,,22,,57,77,39,90,35,24,33,96,area
5aeafdac5eb7c1000af39b58,24,24,,22,,59,68,39,99,35,24,39,72,area
5aeafdac5eb7c1000af39b59,24,24,,22,,52,68,41,96,35,,37,81,area
5aeafdac5eb7c1000af39b5a,,17,,22,,52,50,44,92,,37,37,66,area
5aeafdac5eb7c1000af39b5b,,24,,22,,63,68,48,99,30,35,28,88,area
5aeafdac5eb7c1000af39b5c,,24,,19,,59,79,39,99,30,26,52,85,area
5aeafdac5eb7c1000af39b5d,,24,,19,,68,50,52,99,30,39,35,99,area
5aeafdac5eb7c1000af39b5e,,24,,15,,57,66,59,99,37,44,35,92,area
5aeafdac5eb7c1000af39b5f,,,,15,,70,77,55,96,37,37,41,99,area
5aeafdac5eb7c1000af39b60,,28,,15,,74,63,59,99,37,35,39,90,area
5aeafdac5eb7c1000af39b61,,28,,17,,79,72,50,99,37,35,35,83,area
5aeafdac5eb7c1000af39b62,,35,,17,,77,70,52,99,,39,41,99,area
5aeafdac5eb7c1000af39b63,,22,,17,,59,74,55,99,,48,35,99,area
5aeafdac5eb7c1000af39b64,22,22,,17,,61,13,41,99,,30,48,30,area
5aeafdac5eb7c1000af39b65,22,22,,28,,41,59,48,99,,37,44,85,area
5aeafdac5eb7c1000af39b66,22,35,19,26,,68,74,68,90,35,48,35,88,area
5aeafdac5eb7c1000af39b67,22,35,19,26,,66,74,55,85,35,37,46,52,area
5aeafdac5eb7c1000af39b68,,41,19,39,,72,74,57,96,35,41,48,72,area
5aeafdac5eb7c1000af39b69,,24,19,28,,50,85,74,85,35,39,48,88,area
5aeafdac5eb7c1000af39b6a,,24,19,28,,74,83,55,81,55,46,28,66,area
5aeafdac5eb7c1000af39b6b,,24,33,28,,85,68,74,94,55,50,46,72,area
5aeafdac5eb7c1000af39b6c,,24,33,22,,79,85,52,85,55,59,39,50,area
5aeafdac5eb7c1000af39b6d,,33,33,22,,66,96,57,92,55,68,52,63,area
5aeafdac5eb7c1000af39b6e,,33,22,22,,70,59,63,92,57,55,35,57,area
5aeafdac5eb7c1000af39b6f,22,33,19,22,,79,88,57,96,50,74,44,61,area
5aeafdac5eb7c1000af39b70,22,35,19,22,,63,88,61,70,63,72,46,70,area
5aeafdac5eb7c1000af39b71,22,35,28,,,48,63,57,63,63,72,28,52,area
5aeafdac5eb7c1000af39b72,22,35,24,,,68,70,55,77,63,61,35,59,area
5aeafdac5eb7c1000af39b73,26,35,24,,,68,88,72,70,63,68,35,68,area
5aeafdac5eb7c1000af39b74,26,35,24,24,,79,96,55,79,63,66,44,61,area
5aeafdac5eb7c1000af39b75,24,24,26,24,,85,77,63,83,59,59,30,50,area
5aeafdac5eb7c1000af39b76,24,24,26,24,,88,68,50,81,48,70,41,63,area
5aeafdac5eb7c1000af39b77,24,46,50,24,,68,99,68,79,48,68,50,77,area
5aeafdac5eb7c1000af39b78,26,46,50,24,,96,99,68,88,59,48,50,70,area
5aeafdac5eb7c1000af39b79,26,46,50,30,,94,85,70,90,59,59,48,74,area
5aeafdad5eb7c1000af39b7a,26,46,50,30,,17,99,52,90,59,68,39,57,area
5aeafdad5eb7c1000af39b7b,26,41,,28,,79,96,85,83,59,61,41,85,area
5aeafdad5eb7c1000af39b7c,,39,52,28,,83,96,72,77,59,70,37,68,area
5aeafdad5eb7c1000af39b7d,,39,52,22,,63,85,68,94,59,61,41,66,area
5aeafdad5eb7c1000af39b7e,,46,33,37,,83,99,72,99,44,68,50,63,area
5aeafdad5eb7c1000af39b7f,,46,26,37,,94,99,66,94,48,70,48,79,area
5aeafdad5eb7c1000af39b80,37,35,35,37,,70,99,81,92,48,74,55,88,area
5aeafdad5eb7c1000af39b81,26,35,35,30,,94,83,90,81,68,68,59,79,area
5aeafdad5eb7c1000af39b82,26,35,35,30,,88,79,72,85,63,66,33,66,area
5aeafdad5eb7c1000af39b83,24,35,35,24,,81,72,68,96,57,74,39,74,area
5aeafdad5eb7c1000af39b84,,,,,,92,83,77,99,,81,48,,area
5aeafdad5eb7c1000af39b85,,48,,,,83,88,77,99,,83,48,55,area
5aeafdad5eb7c1000af39b86,,48,26,,,77,94,83,96,,70,59,19,area
5aeafdad5eb7c1000af39b87,,,44,33,,99,99,94,79,68,66,50,,area
5aeafdad5eb7c1000af39b88,,,70,37,,19,81,85,59,90,70,46,,area
5aeafdad5eb7c1000af39b89,,48,68,,,83,74,81,57,81,72,57,,area
5aeafdad5eb7c1000af39b8a,,,48,,,90,68,81,57,99,88,30,39,area
5aeafdad5eb7c1000af39b8b,,,55,,,85,81,96,48,99,99,48,37,area
5aeafdad5eb7c1000af39b8c,22,,61,17,,63,61,74,44,99,99,33,37,area
5aeafdad5eb7c1000af39b8d,22,30,39,24,,61,68,57,35,99,99,41,37,area
5aeafdad5eb7c1000af39b8e,22,33,44,19,,79,70,55,52,99,81,33,26,area
5aeafdad5eb7c1000af39b8f,,33,44,19,,63,77,66,52,99,85,26,26,area
5aeafdad5eb7c1000af39b90,,33,50,19,,68,72,79,66,99,92,33,26,area
5aeafdad5eb7c1000af39b91,,,50,,,77,19,90,52,99,96,50,,area
5aeafdad5eb7c1000af39b92,22,,61,,,85,74,57,52,99,85,46,,area
5aeafdad5eb7c1000af39b93,22,44,50,26,,79,77,68,44,79,85,52,,area
5aeafdad5eb7c1000af39b94,22,44,57,30,,81,70,83,48,90,99,41,59,area
5aeafdad5eb7c1000af39b95,,46,48,30,,83,90,66,59,90,99,44,59,area
5aeafdad5eb7c1000af39b96,,46,46,22,,72,72,81,52,85,99,48,50,area
5aeafdad5eb7c1000af39b97,,37,48,22,,92,83,59,66,63,99,35,50,area
5aeafdad5eb7c1000af39b98,,37,63,22,,81,99,70,52,70,99,28,59,area
5aeafdad5eb7c1000af39b99,30,39,35,33,,88,99,88,61,77,79,48,59,area
5aeafdad5eb7c1000af39b9a,22,39,39,33,,68,90,74,59,77,85,50,59,area
5aeafdad5eb7c1000af39b9b,28,52,44,33,,68,88,90,61,77,88,39,52,area
5aeafdad5eb7c1000af39b9c,28,50,48,33,,85,92,66,74,77,88,48,50,area
5aeafdad5eb7c1000af39b9d,30,50,35,33,,70,92,85,57,77,85,57,50,area
5aeafdad5eb7c1000af39b9e,30,52,44,33,,70,99,99,61,81,79,37,50,area
5aeafdad5eb7c1000af39b9f,30,44,52,,,96,85,85,74,81,81,61,39,area
5aeafdad5eb7c1000af39ba0,30,44,37,,,94,99,94,74,55,85,44,55,area
5aeafdad5eb7c1000af39ba1,30,46,44,35,,99,99,72,61,79,79,37,55,area
5aeafdad5eb7c1000af39ba2,30,52,39,35,,90,90,85,70,79,99,44,55,area
5aeafdad5eb7c1000af39ba3,26,52,52,35,,94,70,68,66,72,88,41,55,area
5aeafdad5eb7c1000af39ba4,26,52,35,35,,66,70,77,68,72,99,46,46,area
5aeafdad5eb7c1000af39ba5,26,35,28,,,85,94,70,63,72,99,46,48,area
5aeafdad5eb7c1000af39ba6,24,35,37,19,,81,83,66,55,72,99,44,48,area
5aeafdad5eb7c1000af39ba7,24,41,50,19,,88,85,81,55,74,74,46,48,area
5aeafdad5eb7c1000af39ba8,24,41,50,24,,70,88,26,59,79,99,39,50,area
5aeafdad5eb7c1000af39ba9,24,30,39,28,,83,92,70,72,68,90,28,50,area
5aeafdad5eb7c1000af39baa,19,30,39,28,,81,99,70,57,68,90,35,50,area
5aeafdad5eb7c1000af39bab,19,39,41,28,,85,68,61,48,68,99,39,46,area
5aeafdad5eb7c1000af39bac,19,39,46,28,,70,81,70,55,68,99,41,46,area
5aeafdad5eb7c1000af39bad,15,39,37,28,,90,79,66,66,66,99,44,39,area
5aeafdad5eb7c1000af39bae,15,35,28,,,90,74,70,52,63,99,37,39,area
5aeafdad5eb7c1000af39baf,15,35,48,,,61,72,55,59,63,72,28,30,area
5aeafdad5eb7c1000af39bb0,,35,50,22,,72,63,66,39,72,88,26,30,area
5aeafdad5eb7c1000af39bb1,17,,48,22,,63,66,61,52,72,81,22,30,area
5aeafdad5eb7c1000af39bb2,17,,48,22,,68,61,66,48,74,79,17,39,area
5aeafdae5eb7c1000af39bb3,17,,55,22,,57,70,61,48,74,90,22,39,area
5aeafdae5eb7c1000af39bb4,,,50,,,72,55,66,55,74,81,28,39,area
5aeafdae5eb7c1000af39bb5,,28,39,,,52,55,55,48,63,74,15,28,area
5aeafdae5eb7c1000af39bb6,,17,44,,,48,61,46,48,77,92,19,33,area
5aeafdae5eb7c1000af39bb7,,17,52,,,57,61,52,50,63,77,24,30,area
5aeafdae5eb7c1000af39bb8,,17,30,15,,19,48,57,44,74,74,28,24,area
5aeafdae5eb7c1000af39bb9,,,35,17,,55,74,68,46,70,70,37,24,area
5aeafdae5eb7c1000af39bba,,35,57,19,,63,79,63,37,70,70,30,41,area
5aeafdae5eb7c1000af39bbb,,26,48,19,,83,57,63,50,66,94,28,39,area
5aeafdae5eb7c1000af39bbc,,26,41,19,,59,81,46,55,88,92,33,39,area
5aeafdae5eb7c1000af39bbd,,26,35,,,72,19,66,55,61,74,41,39,area
5aeafdae5eb7c1000af39bbe,,24,39,,,50,55,57,55,83,88,17,30,area
5aeafdae5eb7c1000af39bbf,28,24,39,26,,33,55,57,57,83,92,30,30,area
5aeafdae5eb7c1000af39bc0,28,24,48,26,,79,90,66,48,61,90,28,46,area
5aeafdae5eb7c1000af39bc1,28,17,39,26,,61,92,74,55,70,92,35,46,area
5aeafdae5eb7c1000af39bc2,,17,57,,,50,46,63,52,70,83,33,46,area
5aeafdae5eb7c1000af39bc3,24,17,44,17,,70,59,61,48,70,96,37,41,area
5aeafdae5eb7c1000af39bc4,17,30,59,17,,72,61,74,61,,90,37,50,area
5aeafdae5eb7c1000af39bc5,17,30,50,17,,96,77,61,57,79,99,28,50,area
5aeafdae5eb7c1000af39bc6,17,30,46,17,,74,74,61,46,72,94,26,50,area
5aeafdae5eb7c1000af39bc7,,,48,,,61,81,59,52,68,90,28,,area
5aeafdae5eb7c1000af39bc8,,37,30,,,70,70,41,61,63,72,28,,area
5aeafdae5eb7c1000af39bc9,,37,44,,,61,92,59,57,72,88,33,,area
5aeafdae5eb7c1000af39bca,,37,37,,,90,92,77,55,72,92,33,52,area
5aeafdae5eb7c1000af39bcb,,37,50,22,,72,92,70,57,77,92,35,52,area
5aeafdae5eb7c1000af39bcc,,,39,22,,92,85,63,63,72,99,41,59,area
5aeafdae5eb7c1000af39bcd,28,39,37,24,,90,99,74,81,70,81,41,57,area
5aeafdae5eb7c1000af39bce,28,44,28,22,,85,90,70,74,70,77,50,66,area
5aeafdae5eb7c1000af39bcf,28,35,28,37,,63,85,57,79,66,72,41,66,area
5aeafdae5eb7c1000af39bd0,,35,35,22,,85,92,63,74,66,70,37,68,area
5aeafdae5eb7c1000af39bd1,,39,26,22,,66,92,61,77,66,61,35,68,area
5aeafdae5eb7c1000af39bd2,,39,37,19,,61,92,59,74,66,68,41,68,area
5aeafdae5eb7c1000af39bd3,,39,57,19,,68,81,66,72,,81,35,39,area
5aeafdae5eb7c1000af39bd4,,39,33,19,,66,85,57,63,,68,35,39,area
5aeafdae5eb7c1000af39bd5,24,28,28,19,,61,88,50,52,57,88,37,39,area
5aeafdae5eb7c1000af39bd6,24,28,57,,,83,74,66,55,74,92,39,,area
5aeafdae5eb7c1000af39bd7,24,28,35,,,68,81,68,70,63,81,35,48,area
5aeafdae5eb7c1000af39bd8,26,28,39,28,,74,81,13,72,63,83,37,50,area
5aeafdae5eb7c1000af39bd9,26,28,39,28,,57,85,59,66,72,90,24,50,area
5aeafdae5eb7c1000af39bda,26,28,41,28,,83,83,70,63,72,81,35,55,area
5aeafdae5eb7c1000af39bdb,,,30,,,59,74,41,59,70,92,35,55,area
5aeafdae5eb7c1000af39bdc,,,33,15,,52,66,48,57,57,81,37,55,area
5aeafdae5eb7c1000af39bdd,,,37,24,,70,66,59,57,70,81,17,,area
5aeafdae5eb7c1000af39bde,22,,33,22,,66,85,66,57,85,81,33,46,area
5aeafdae5eb7c1000af39bdf,28,,52,22,,90,77,57,59,70,99,37,35,area
5aeafdae5eb7c1000af39be0,28,37,48,26,,85,85,77,72,70,99,28,50,area
5aeafdae5eb7c1000af39be1,24,37,30,24,,77,74,68,70,83,96,28,50,area
5aeafdae5eb7c1000af39be2,24,37,46,24,,68,74,57,81,83,99,24,50,area
5aeafdae5eb7c1000af39be3,24,,63,24,,68,66,63,61,63,85,33,50,area
5aeafdae5eb7c1000af39be4,,,46,17,,81,66,57,66,72,94,30,50,area
5aeafdae5eb7c1000af39be5,,,35,17,,72,55,55,59,68,85,37,,area
5aeafdae5eb7c1000af39be6,,41,39,17,,72,55,63,61,63,92,33,,area
5aeafdae5eb7c1000af39be7,,46,59,24,,88,88,61,81,77,96,41,,area
5aeafdae5eb7c1000af39be8,,22,37,28,,57,59,50,50,68,92,30,26,area
5aeafdae5eb7c1000af39be9,,39,52,,,74,81,72,66,90,99,30,41,area
5aeafdae5eb7c1000af39bea,33,41,52,24,,88,81,72,59,96,99,39,37,area
5aeafdae5eb7c1000af39beb,30,41,55,28,22,90,81,72,59,96,99,39,37,area
5aeafdae5eb7c1000af39bec,28,41,50,28,22,81,81,72,55,92,99,39,37,area
5aeafdae5eb7c1000af39bed,28,41,50,28,22,81,79,70,63,96,99,39,37,area
5aeafdaf5eb7c1000af39bee,28,39,57,,,90,81,77,59,92,99,44,30,area
5aeafdaf5eb7c1000af39bef,,39,50,,,88,81,72,57,94,99,39,41,area
5aeafdaf5eb7c1000af39bf0,33,39,35,,,81,81,72,63,94,99,35,59,area
5aeafdaf5eb7c1000af39bf1,33,,52,,,85,70,68,57,83,99,37,55,area
5aeafdaf5eb7c1000af39bf2,33,,50,,,72,88,68,55,70,99,35,55,area
5aeafdaf5eb7c1000af39bf3,22,50,55,24,,77,81,68,55,92,99,37,50,area
5aeafdaf5eb7c1000af39bf4,17,52,55,24,,77,79,63,48,83,88,35,39,area
5aeafdaf5eb7c1000af39bf5,17,39,50,24,,77,30,79,68,83,99,33,46,area
5aeafdaf5eb7c1000af39bf6,17,39,46,,,83,85,81,68,85,99,35,41,area
5aeafdaf5eb7c1000af39bf7,,39,46,,,77,88,81,66,81,99,39,39,area
5aeafe0d5eb7c1000af39bf8,48,,99,,57,44,37,,,63,61,,,area
5aeafe0d5eb7c1000af39bf9,48,,99,,59,39,37,,,63,61,,,area
5aeafe0d5eb7c1000af39bfa,46,,99,,59,66,41,55,,70,,,,area
5aeafe0d5eb7c1000af39bfb,46,,96,,59,50,39,55,,70,,,,area
5aeafe0d5eb7c1000af39bfc,46,,99,,59,39,61,39,,70,,,,area
5aeafe0d5eb7c1000af39bfd,46,,94,,,44,44,30,,70,,,,area
5aeafe0d5eb7c1000af39bfe,,,99,,,44,39,30,,,,,,area
5aeafe0d5eb7c1000af39bff,,,99,,,55,30,46,,79,,,,area
5aeafe0d5eb7c1000af39c00,,,99,,,57,68,46,,79,,,,area
5aeafe0d5eb7c1000af39c01,46,,99,,50,57,48,52,,68,72,,,area
5aeafe0d5eb7c1000af39c02,46,,99,,50,68,55,52,,70,61,,,area
5aeafe0d5eb7c1000af39c03,46,,99,,50,50,41,52,,63,63,,,area
5aeafe0d5eb7c1000af39c04,46,,99,,50,52,48,52,,59,77,,,area
5aeafe0d5eb7c1000af39c05,46,,92,,,59,55,63,,59,77,,,area
5aeafe0d5eb7c1000af39c06,46,,92,,52,72,57,55,,59,68,,,area
5aeafe0d5eb7c1000af39c07,,55,99,,,72,66,68,66,74,77,44,,area
5aeafe0d5eb7c1000af39c08,,55,99,,,68,61,57,66,68,77,44,,area
5aeafe0d5eb7c1000af39c09,,48,96,,,68,52,55,66,68,99,44,,area
5aeafe0d5eb7c1000af39c0a,,48,63,,,81,70,57,,92,99,57,,area
5aeafe0d5eb7c1000af39c0b,,48,88,,,90,85,81,70,99,99,59,,area
5aeafe0d5eb7c1000af39c0c,,48,94,,,77,70,85,72,99,99,59,,area
5aeafe0d5eb7c1000af39c0d,48,48,81,52,,99,88,81,59,99,99,57,,area
5aeafe0d5eb7c1000af39c0e,48,55,72,52,,83,79,74,59,92,99,46,,area
5aeafe0d5eb7c1000af39c0f,48,63,83,52,,68,79,70,61,99,94,46,,area
5aeafe0d5eb7c1000af39c10,48,66,85,41,,66,79,83,61,92,94,46,,area
5aeafe0d5eb7c1000af39c11,,66,92,41,,66,85,94,70,99,99,63,,area
5aeafe0d5eb7c1000af39c12,,66,77,41,,99,99,99,77,99,99,70,83,area
5aeafe0d5eb7c1000af39c13,,66,77,59,,99,74,99,96,99,99,72,83,area
5aeafe0d5eb7c1000af39c14,,66,77,59,,85,90,99,83,99,99,70,83,area
5aeafe0d5eb7c1000af39c15,,,74,59,,99,99,99,85,99,99,70,83,area
5aeafe0d5eb7c1000af39c16,,,74,33,,79,66,79,85,99,99,41,83,area
5aeafe0d5eb7c1000af39c17,,,59,33,,90,94,79,85,99,99,52,57,area
5aeafe0d5eb7c1000af39c18,,,59,33,,99,99,94,61,99,94,66,57,area
5aeafe0d5eb7c1000af39c19,,,68,33,,92,79,99,74,99,94,66,57,area
5aeafe0d5eb7c1000af39c1a,,63,68,,,94,90,90,68,99,99,77,66,area
5aeafe0d5eb7c1000af39c1b,,88,59,,,99,99,99,74,99,99,77,66,area
5aeafe0d5eb7c1000af39c1c,,88,59,,,99,99,99,83,99,99,55,66,area
5aeafe0d5eb7c1000af39c1d,,88,55,,,88,90,90,77,99,99,52,70,area
5aeafe0d5eb7c1000af39c1e,,88,55,55,,88,90,88,72,99,99,59,70,area
5aeafe0d5eb7c1000af39c1f,72,79,55,55,,99,99,99,90,88,92,59,70,area
5aeafe0d5eb7c1000af39c20,72,79,55,66,,99,99,96,99,88,77,59,99,area
5aeafe0d5eb7c1000af39c21,72,79,,66,,99,92,77,99,88,77,77,81,area
5aeafe0d5eb7c1000af39c22,72,59,,66,,99,99,88,99,66,77,72,85,area
5aeafe0d5eb7c1000af39c23,,59,,66,,99,99,88,99,66,74,70,77,area
5aeafe0d5eb7c1000af39c24,,59,,48,,99,99,92,99,66,74,70,85,area
5aeafe0d5eb7c1000af39c25,,59,,48,,99,99,92,99,66,81,77,92,area
5aeafe0d5eb7c1000af39c26,,55,,41,,90,99,92,99,,74,72,94,area
5aeafe0d5eb7c1000af39c27,,,,,,90,83,66,99,,81,96,85,area
5aeafe0d5eb7c1000af39c28,,68,,,,99,90,88,99,,83,72,88,area
5aeaf6965eb7c1000af397dc,44,,85,,48,48,39,,,,48,,,man
5aeaf6965eb7c1000af397dd,46,55,66,50,48,48,39,,,,48,,,man
5aeaf6965eb7c1000af397de,46,50,66,30,55,48,24,,,,48,,,man
5aeaf6965eb7c1000af397df,48,50,61,30,48,48,24,,,,48,,,man
5aeaf6965eb7c1000af397e0,48,50,88,30,74,48,24,,,,,,,man
5aeaf6965eb7c1000af397e1,48,50,85,30,74,33,24,,,,,,,man
5aeaf5685eb7c1000af397cc,85,79,68,94,92,72,50,48,79,,,52,,shanghai
5aeaf5685eb7c1000af397cd,99,83,59,59,79,59,50,57,,,46,,,shanghai
5aeaf5685eb7c1000af397ce,99,83,61,59,79,59,50,57,70,,46,,,shanghai
5aeaf5685eb7c1000af397cf,90,81,66,77,94,68,52,50,70,,46,,,shanghai
5aeaf5685eb7c1000af397d0,99,85,66,85,88,85,81,50,81,63,46,66,,shanghai
5aeaf5685eb7c1000af397d1,99,88,74,85,88,74,63,50,66,63,,66,,shanghai
5aeaf5685eb7c1000af397d2,99,94,68,94,88,74,52,55,59,63,50,77,,shanghai
5aeaf5685eb7c1000af397d3,99,79,74,90,85,63,63,61,59,63,48,77,,shanghai
5aeaf5685eb7c1000af397d4,99,79,79,90,85,52,74,66,66,48,48,77,,shanghai
5aeaf5685eb7c1000af397d5,88,99,79,99,85,72,57,68,66,48,48,77,57,shanghai
5aeb120b5eb7c1000af39c29,50,,52,,74,,,,,,,,,woman
5aeb120b5eb7c1000af39c2a,90,79,55,63,,48,35,,35,37,26,,,woman
5aeb120b5eb7c1000af39c2b,70,77,72,66,72,44,35,,41,37,26,,,woman
5aeb120b5eb7c1000af39c2c,70,44,74,66,74,59,35,39,41,37,26,,,woman
5aeb120b5eb7c1000af39c2d,77,77,68,68,55,44,46,39,41,,,,,woman
5aeb120b5eb7c1000af39c2e,85,77,72,68,72,57,41,33,39,,,,,woman
5aeb13655eb7c1000af39c93,99,92,68,85,48,68,39,39,39,,30,,,woman
5aeb13655eb7c1000af39c94,96,99,66,85,63,52,39,33,46,,33,,,woman
5aeb13655eb7c1000af39c95,90,99,77,74,63,55,35,39,37,,33,,,woman
5aeb13655eb7c1000af39c96,99,94,72,77,61,46,35,44,37,,37,,,woman
5aeb13655eb7c1000af39c97,92,99,72,85,63,55,44,46,37,,37,,,woman
5aeb13655eb7c1000af39c98,79,68,70,63,57,52,39,46,,,37,,,woman
5aeb13655eb7c1000af39c99,70,68,70,63,68,46,39,26,50,,35,,,woman
5aeb13655eb7c1000af39c9a,77,59,72,63,77,46,39,26,35,,35,,,woman
5aeb13655eb7c1000af39c9b,77,68,63,,77,37,24,,35,,,,,woman
5aeb13655eb7c1000af39c9c,50,35,74,41,66,37,39,,35,,,,,woman
5aeb13655eb7c1000af39c9d,50,35,70,41,68,46,39,,,,,,,woman
5aeb13655eb7c1000af39c9e,66,79,66,41,68,44,39,,,,,,,woman
5aeb13655eb7c1000af39c9f,70,90,55,74,61,55,50,41,35,,39,,,woman
5aeb13655eb7c1000af39ca0,68,77,70,74,72,46,41,41,35,44,39,,,woman
5aeb13655eb7c1000af39ca1,52,79,68,61,72,46,41,41,35,44,39,,,woman
5aeb13655eb7c1000af39ca2,59,74,59,61,57,48,46,,37,44,37,,,woman
5aeb13655eb7c1000af39ca3,70,74,55,61,57,48,46,,37,,28,,,woman
5aeb13655eb7c1000af39ca4,46,66,74,44,79,39,46,,33,,48,,,woman
5aeb13655eb7c1000af39ca5,55,66,59,55,66,39,39,,33,,48,,,woman
5aeb13655eb7c1000af39ca6,70,52,66,50,66,44,30,35,33,,48,,,woman
5aeb13655eb7c1000af39ca7,52,63,50,50,59,44,30,35,,,,,,woman
5aeb13655eb7c1000af39ca8,63,50,50,44,48,39,30,35,,,,,,woman
5aeb13655eb7c1000af39ca9,41,52,74,46,48,39,46,35,44,,30,,,woman
5aeb13655eb7c1000af39caa,79,68,68,72,50,44,46,44,44,44,30,,,woman
5aeb13655eb7c1000af39cab,59,59,50,72,61,44,46,44,44,44,30,35,,woman
5aeb13655eb7c1000af39cac,68,61,66,57,68,55,44,44,,44,,35,,woman
5aeb13655eb7c1000af39cad,68,39,63,59,70,55,44,,,,,35,,woman
5aeb13655eb7c1000af39cae,68,59,63,66,77,44,44,,,,,,,woman
5aeb13655eb7c1000af39caf,50,68,57,41,77,44,,,22,,41,,,woman
5aeb13655eb7c1000af39cb0,61,68,70,66,79,39,41,,22,,41,,,woman
5aeb13655eb7c1000af39cb1,70,83,52,68,79,39,41,,22,52,41,48,,woman
5aeb13655eb7c1000af39cb2,72,66,59,74,79,37,30,,,52,41,48,,woman
5aeb13655eb7c1000af39cb3,46,66,77,52,63,37,39,,,52,44,48,,woman
5aeb13655eb7c1000af39cb4,55,68,61,52,63,37,39,,,,44,,,woman
5aeb13655eb7c1000af39cb5,55,66,46,63,46,41,41,,,,44,,,woman
5aeb13655eb7c1000af39cb6,81,66,77,57,77,52,41,,,,,,,woman
5aeb13655eb7c1000af39cb7,68,72,59,57,66,35,26,,,,,35,,woman
5aeb13655eb7c1000af39cb8,66,72,66,57,61,35,41,,,,37,35,,woman
5aeb13655eb7c1000af39cb9,68,72,70,,66,39,41,,,,37,35,,woman
5aeb13655eb7c1000af39cba,72,70,63,46,66,39,41,37,,,37,,,woman
5aeb13655eb7c1000af39cbb,68,63,70,63,66,41,,37,,,44,,,woman
5aeb13655eb7c1000af39cbc,68,50,70,55,50,41,,37,,37,44,,,woman
5aeb13655eb7c1000af39cbd,55,66,59,55,57,41,,,,37,44,,,woman
5aeb13655eb7c1000af39cbe,74,70,63,68,57,,37,37,,37,44,41,,woman
5aeb13655eb7c1000af39cbf,70,70,68,52,79,35,37,37,,,44,41,,woman
5aeb13655eb7c1000af39cc0,63,68,52,48,66,35,37,37,,,44,41,,woman
5aeb13655eb7c1000af39cc1,70,55,74,74,55,74,41,,55,,,,,woman
5aeb13655eb7c1000af39cc2,77,70,66,74,63,61,46,30,55,50,37,44,,woman
5aeb13ab5eb7c1000af39cc3,74,81,66,48,63,44,46,30,48,33,37,44,,woman
5aeb13ab5eb7c1000af39cc4,81,61,59,48,68,52,46,30,48,33,37,44,,woman
5aeb13ab5eb7c1000af39cc5,74,79,59,70,68,57,35,41,39,,,,,woman
5aeb13ab5eb7c1000af39cc6,68,57,74,70,68,55,35,41,41,,35,,,woman
5aeb13ab5eb7c1000af39cc7,74,57,52,70,63,48,35,41,39,,35,,,woman
5aeb13ab5eb7c1000af39cc8,77,70,68,50,61,59,33,,39,,35,,,woman
5aeb13ab5eb7c1000af39cc9,77,72,66,61,61,52,46,,39,,,46,,woman
5aeb13ab5eb7c1000af39cca,74,72,68,63,57,52,46,33,41,,28,46,,woman
5aeb13ab5eb7c1000af39ccb,57,61,63,63,59,50,41,33,50,37,28,46,,woman
5aeb13ab5eb7c1000af39ccc,52,59,72,61,59,55,41,33,50,37,33,,,woman
5aeb13ab5eb7c1000af39ccd,79,79,74,70,46,55,41,,50,37,33,30,,woman
5aeb13ab5eb7c1000af39cce,79,72,52,70,57,55,28,46,,,33,30,,woman
5aeb13ab5eb7c1000af39ccf,77,68,68,55,55,52,28,46,,33,35,30,,woman
5aeb13ab5eb7c1000af39cd0,77,66,72,55,57,52,41,28,,33,35,37,,woman
5aeb13ab5eb7c1000af39cd1,74,72,68,55,57,41,41,28,,33,35,37,,woman
5aeb13ab5eb7c1000af39cd2,74,74,50,59,52,37,41,28,,,,37,,woman
5aeb13ab5eb7c1000af39cd3,70,59,61,48,52,37,,28,,,,,,woman
5aeb13ab5eb7c1000af39cd4,66,59,46,50,52,37,39,28,,,,,,woman
5aeb13ab5eb7c1000af39cd5,68,68,46,50,,,39,,,,,,,woman
5aeb13ab5eb7c1000af39cd6,59,79,68,79,63,44,46,,,,,,,woman
5aeb13ab5eb7c1000af39cd7,77,74,61,68,55,61,22,,,,,,,woman
5aeb13ab5eb7c1000af39cd8,68,77,57,52,52,44,41,,48,,,,,woman
5aeb13ab5eb7c1000af39cd9,72,74,68,70,57,44,39,,46,,,,,woman
5aeb13ab5eb7c1000af39cda,74,70,68,68,59,39,33,,46,,,,,woman
5aeb13ab5eb7c1000af39cdb,79,70,66,66,48,39,35,,46,,,,,woman
5aeb13ab5eb7c1000af39cdc,74,77,66,66,50,46,37,,37,,,35,,woman
5aeb13ab5eb7c1000af39cdd,74,70,66,66,59,46,33,,37,,,35,,woman
5aeb13ab5eb7c1000af39cde,81,74,66,66,52,41,46,,37,,,33,,woman
5aeb13ab5eb7c1000af39cdf,68,74,68,66,59,39,37,,,,,33,,woman
5aeb13ab5eb7c1000af39ce0,68,72,66,52,48,39,37,,,35,,33,,woman
5aeb13ac5eb7c1000af39ce1,74,81,66,48,63,44,46,30,48,33,37,44,,woman
5aeb13ac5eb7c1000af39ce2,81,61,59,48,68,52,46,30,48,33,37,44,,woman
5aeb13ac5eb7c1000af39ce3,74,79,59,70,68,57,35,41,39,,,,,woman
5aeb13ac5eb7c1000af39ce4,68,57,74,70,68,55,35,41,41,,35,,,woman
5aeb13ac5eb7c1000af39ce5,74,57,52,70,63,48,35,41,39,,35,,,woman
5aeb13ac5eb7c1000af39ce6,77,70,68,50,61,59,33,,39,,35,,,woman
5aeb13ac5eb7c1000af39ce7,77,72,66,61,61,52,46,,39,,,46,,woman
5aeb13ac5eb7c1000af39ce8,74,72,68,63,57,52,46,33,41,,28,46,,woman
5aeb13ac5eb7c1000af39ce9,57,61,63,63,59,50,41,33,50,37,28,46,,woman
5aeb13ac5eb7c1000af39cea,52,59,72,61,59,55,41,33,50,37,33,,,woman
5aeb13ac5eb7c1000af39ceb,79,79,74,70,46,55,41,,50,37,33,30,,woman
5aeb13ac5eb7c1000af39cec,79,72,52,70,57,55,28,46,,,33,30,,woman
5aeb13ac5eb7c1000af39ced,77,68,68,55,55,52,28,46,,33,35,30,,woman
5aeb13ac5eb7c1000af39cee,77,66,72,55,57,52,41,28,,33,35,37,,woman
5aeb13ac5eb7c1000af39cef,74,72,68,55,57,41,41,28,,33,35,37,,woman
5aeb13ac5eb7c1000af39cf0,74,74,50,59,52,37,41,28,,,,37,,woman
5aeb13ac5eb7c1000af39cf1,70,59,61,48,52,37,,28,,,,,,woman
5aeb13ac5eb7c1000af39cf2,66,59,46,50,52,37,39,28,,,,,,woman
5aeb13ac5eb7c1000af39cf3,68,68,46,50,,,39,,,,,,,woman
5aeb13ac5eb7c1000af39cf4,59,79,68,79,63,44,46,,,,,,,woman
5aeb13ac5eb7c1000af39cf5,77,74,61,68,55,61,22,,,,,,,woman
5aeb13ac5eb7c1000af39cf6,68,77,57,52,52,44,41,,48,,,,,woman
5aeb13ac5eb7c1000af39cf7,72,74,68,70,57,44,39,,46,,,,,woman
5aeb13ac5eb7c1000af39cf8,74,70,68,68,59,39,33,,46,,,,,woman
5aeb13ac5eb7c1000af39cf9,79,70,66,66,48,39,35,,46,,,,,woman
5aeb13ac5eb7c1000af39cfa,74,77,66,66,50,46,37,,37,,,35,,woman
5aeb13ac5eb7c1000af39cfb,74,70,66,66,59,46,33,,37,,,35,,woman
5aeb13ac5eb7c1000af39cfc,81,74,66,66,52,41,46,,37,,,33,,woman
5aeb13ac5eb7c1000af39cfd,68,74,68,66,59,39,37,,,,,33,,woman
5aeb13ac5eb7c1000af39cfe,68,72,66,52,48,39,37,,,35,,33,,woman
5aeb13c65eb7c1000af39cff,66,72,68,48,52,46,33,,,35,,,,woman
5aeb13c65eb7c1000af39d00,83,90,59,48,63,44,52,48,,35,,44,,woman
5aeb13c65eb7c1000af39d01,90,85,68,74,48,44,26,37,39,,41,44,,woman
5aeb13c65eb7c1000af39d02,74,70,66,68,48,66,30,37,39,,30,44,,woman
5aeb140f5eb7c1000af39d03,0,0,0,0,0,,,0,,,,0,0,woman
5aeb146b5eb7c1000af39d0c,81,79,70,72,41,66,39,37,44,,30,44,,woman
5aeb146b5eb7c1000af39d0d,77,52,74,52,59,50,39,41,39,,30,44,,woman
5aeb14e25eb7c1000af39d0e,74,74,66,59,74,39,35,26,,,24,,,woman
5aeb14e25eb7c1000af39d0f,68,66,72,70,55,61,41,46,48,,24,,,woman
5aeb14e25eb7c1000af39d10,74,66,48,59,50,61,41,35,44,,37,37,,woman
5aeb14e25eb7c1000af39d11,79,55,66,63,55,41,41,35,41,,37,37,,woman
5aeb14e25eb7c1000af39d12,77,68,70,50,55,44,,46,35,,37,37,,woman
5aeb14e25eb7c1000af39d13,72,74,79,50,70,55,46,30,35,35,,,,woman
5aeb14e25eb7c1000af39d14,72,55,61,50,55,44,35,30,33,35,30,39,,woman
5aeb14e25eb7c1000af39d15,77,72,77,59,59,41,35,30,33,35,30,39,37,woman
5aeb14e25eb7c1000af39d16,79,77,70,59,68,72,35,,33,,30,39,37,woman
5aeb14e25eb7c1000af39d17,79,77,77,63,70,48,,,,,,,37,woman
5aeb14e25eb7c1000af39d18,79,81,70,63,68,72,28,,,,,,,woman
5aeb14e25eb7c1000af39d19,74,72,70,77,70,57,35,41,,,35,46,,woman
5aeb14e25eb7c1000af39d1a,83,61,74,81,50,57,35,41,41,,35,46,,woman
5aeb14e25eb7c1000af39d1b,72,88,70,85,50,68,63,39,55,,35,57,,woman
5aeb14e25eb7c1000af39d1c,72,83,72,83,46,72,48,39,55,,,57,,woman
5aeb14e25eb7c1000af39d1d,79,81,70,70,55,52,44,28,46,41,35,57,,woman
5aeb14e25eb7c1000af39d1e,77,74,66,66,77,46,44,28,41,41,28,,,woman
5aeafa3c5eb7c1000af39865,46,,99,,52,48,57,68,,59,83,,,zhuhai
5aeafa3c5eb7c1000af3986d,,,88,,,68,55,59,,85,85,,,zhuhai
5aeafa3c5eb7c1000af3986e,46,55,99,,,68,79,70,,90,85,,,zhuhai
5aeafa3c5eb7c1000af3986f,46,55,85,,,83,66,79,,99,96,,,zhuhai
5aeafa3c5eb7c1000af39870,41,55,99,,,79,70,68,63,68,90,,,zhuhai
5aeafa3c5eb7c1000af39871,41,44,88,,,59,57,57,63,66,92,44,48,zhuhai
5aeafa3c5eb7c1000af39872,41,44,99,,,79,63,70,63,90,92,44,48,zhuhai
5aeafa3c5eb7c1000af39873,41,52,99,,,79,70,70,48,79,92,44,48,zhuhai
5aeafa3c5eb7c1000af39874,,52,99,50,,44,59,72,48,77,92,44,48,zhuhai
5aeafa3c5eb7c1000af39875,,52,99,50,,77,66,55,48,90,72,,,zhuhai
5aeafa3c5eb7c1000af39876,,52,94,50,,72,66,59,48,83,99,,,zhuhai
5aeafa3c5eb7c1000af39877,,55,85,50,,72,66,74,66,90,99,,,zhuhai
5aeafa3c5eb7c1000af39878,,55,96,,,72,66,55,66,90,77,44,,zhuhai
5aeaf5685eb7c1000af397c1,99,99,66,99,,90,81,63,68,,55,81,66,shanghai
5aeaf5685eb7c1000af397c2,99,99,66,99,63,74,68,63,68,,55,81,66,shanghai
5aeaf5685eb7c1000af397c3,99,96,66,81,85,59,68,39,68,,,81,66,shanghai
5aeb120b5eb7c1000af39c2f,79,81,68,68,72,61,41,39,41,44,37,,,woman
5aeb120b5eb7c1000af39c30,74,66,59,68,68,57,41,39,37,44,37,,,woman
5aeb120b5eb7c1000af39c31,85,72,74,68,68,52,41,35,37,44,37,,,woman
5aeb120b5eb7c1000af39c32,81,81,74,72,68,55,33,33,37,,,39,,woman
5aeb120b5eb7c1000af39c33,81,81,74,70,,52,33,33,,,,39,,woman
5aeb120b5eb7c1000af39c34,74,79,74,72,,52,50,33,,,44,39,,woman
5aeb120b5eb7c1000af39c35,74,68,74,70,77,57,37,33,,44,44,,,woman
5aeb120b5eb7c1000af39c36,74,70,70,79,57,63,41,28,48,44,44,55,,woman
5aeb120b5eb7c1000af39c37,81,63,68,63,46,48,50,28,44,44,39,55,,woman
5aeb120b5eb7c1000af39c38,81,74,66,70,55,48,33,35,44,,39,39,,woman
5aeb120b5eb7c1000af39c39,77,74,70,70,63,77,61,35,44,,33,39,,woman
5aeb120b5eb7c1000af39c3a,77,74,61,72,55,50,55,37,30,,33,39,,woman
5aeb120b5eb7c1000af39c3b,85,,70,74,63,55,52,41,30,,33,,,woman
5aeb120b5eb7c1000af39c3c,83,66,63,77,72,44,44,41,30,,33,,,woman
5aeb120b5eb7c1000af39c3d,79,74,57,77,70,41,59,35,,50,33,,,woman
5aeb120b5eb7c1000af39c3e,74,72,57,77,70,50,33,41,35,50,33,,,woman
5aeb120b5eb7c1000af39c3f,74,72,72,72,,50,37,41,44,,33,,,woman
5aeb120b5eb7c1000af39c40,72,66,72,72,77,52,41,30,50,,33,,,woman
5aeb120b5eb7c1000af39c41,72,72,79,72,68,41,52,30,37,,,,,woman
5aeb120b5eb7c1000af39c42,72,77,70,46,81,39,46,30,37,,,,,woman
5aeb120b5eb7c1000af39c43,,77,72,46,77,39,48,,37,,,,,woman
5aeb120b5eb7c1000af39c44,85,77,74,46,77,44,39,37,,,35,,,woman
5aeb120b5eb7c1000af39c45,83,77,63,63,70,68,52,57,59,,41,,,woman
5aeb120b5eb7c1000af39c46,79,74,44,63,70,57,55,44,44,,41,,,woman
5aeb120b5eb7c1000af39c47,70,77,70,52,70,48,55,46,50,,41,,,woman
5aeb120b5eb7c1000af39c48,72,66,50,52,79,48,41,46,50,37,41,,,woman
5aeb120b5eb7c1000af39c49,81,66,50,52,55,50,41,46,50,37,,,,woman
5aeb120b5eb7c1000af39c4a,83,66,50,68,59,44,39,,,37,,,,woman
5aeb120b5eb7c1000af39c4b,74,50,74,68,68,44,39,,,,37,,,woman
